customer_id,member_id,member_dob,payer_id,response_copay,response_coinsurance,response_deductible,response_oop_max,ch_response_copay,ch_response_coinsurance,ch_response_deductible,ch_response_oop_max,overriden,timestamp
17,I83735619,1978-08-04,23,2000,,80000,300000,2000,,80000,300000,0,3/27/2023
9,W62192373,1991-06-19,35,,10,,300000,,10,,300000,0,8/11/2023
8,D1763635,1986-12-11,11,3000,,25000,75000,3000,,25000,75000,0,9/20/2023
15,J68441196,1985-01-13,9,,20,30000,100000,,20,30000,100000,0,10/25/2023
10,B3648925,1979-05-06,40,3600,,30000,150000,3600,,30000,150000,0,9/23/2023
18,K66741051,1990-09-12,20,,20,120000,375000,,20,120000,375000,0,2/7/2023
7,N92567059,1982-11-02,5,,20,50000,290000,,20,50000,290000,0,6/18/2023
6,C62457856,1983-04-13,21,,20,120000,250000,,20,120000,250000,0,12/18/2023
18,E39489165,1999-05-30,13,,10,50000,200000,,10,50000,200000,0,7/25/2023
18,J42943071,1976-06-09,21,2500,,,350000,2500,,,350000,0,9/19/2023
14,T7224512,1959-03-26,42,4000,,,200000,4000,,,200000,0,12/5/2023
11,F32115446,1953-10-07,39,2500,,500000,750000,2500,,500000,750000,0,9/4/2023
5,X24497885,1984-07-28,31,2000,,25000,225000,2000,,25000,225000,0,2/17/2023
18,G17192148,1987-12-01,21,,20,,250000,,20,,250000,0,2/26/2023
15,U34295791,1956-04-25,45,,20,,300000,,20,,300000,0,11/25/2023
5,Q30641164,1990-05-09,39,7500,,,705000,7500,,,705000,0,10/14/2023
5,K37297510,1966-07-23,28,5000,,,550000,5000,,,550000,0,6/19/2023
15,Q87321384,1987-03-24,7,2500,,400000,715000,2500,,400000,715000,0,12/13/2023
8,M13414095,1962-11-05,16,2500,,50000,430000,2500,,50000,430000,0,7/29/2023
14,D9296376,1953-07-23,11,,10,,375000,,10,,375000,0,8/12/2023
7,G32290376,1984-12-08,48,,20,50000,200000,,20,50000,200000,0,2/2/2023
15,X18952303,1988-09-17,42,,10,50000,350000,,10,50000,350000,0,11/7/2023
16,F57082159,1997-06-27,28,2500,,50000,250000,2500,,50000,250000,0,7/20/2023
2,U44820017,1996-12-18,27,,10,20000,150000,,10,20000,150000,0,1/11/2023
9,W4902733,1994-09-17,7,,10,30000,300000,,10,30000,300000,0,7/23/2023
7,N63895912,2000-02-18,32,4000,,,200000,4000,,,200000,0,5/29/2023
9,R52039915,1961-03-16,47,,10,,240000,,10,,240000,0,1/27/2023
16,Q99275571,1972-02-04,13,,10,150000,400000,,10,150000,400000,0,8/23/2023
9,K62376854,2015-03-28,14,,20,,350000,,20,,350000,0,1/27/2023
1,I2558878,1987-08-15,12,,20,50000,850000,,20,50000,850000,0,3/16/2023
14,L73406821,1984-01-17,9,2000,,40000,350000,2000,,40000,350000,0,5/26/2023
17,B76754723,1982-02-18,4,1000,,60000,290000,1000,,60000,290000,0,7/25/2023
20,O95814351,1991-12-06,6,,20,50000,250000,,20,50000,250000,0,5/25/2023
3,P37307955,2009-08-27,24,,20,,750000,,20,,750000,0,1/29/2023
17,T69801956,1994-10-09,46,,20,,600000,,20,,600000,0,5/7/2023
19,B66390849,1980-05-24,2,1000,,50000,550000,1000,,50000,550000,0,5/5/2023
18,P74173855,1965-12-05,16,,20,,175000,,20,,175000,0,12/20/2023
4,V88745784,2005-12-29,28,3600,,,1000000,3600,,,1000000,0,5/11/2023
13,N2645045,1969-06-21,23,,30,,1470000,,30,,1470000,0,6/6/2023
3,T86135427,1963-10-03,20,3000,,,150000,3000,,,150000,0,7/1/2023
1,N5926149,1984-11-24,19,,20,,,,20,,,0,6/4/2023
11,T71851217,1968-07-18,26,1000,,,600000,1000,,,600000,0,2/3/2023
16,N47841500,1980-05-28,3,,20,100000,300000,,20,100000,300000,0,6/19/2023
5,A66750516,2004-07-09,6,,20,,300000,,20,,300000,0,12/1/2023
16,N39069901,1974-09-11,21,3000,,15000,300000,3000,,15000,300000,0,7/16/2023
9,F53937238,2001-09-22,11,,20,30000,200000,,20,30000,200000,0,8/19/2023
16,P93054624,1976-01-07,27,,20,,200000,,20,,200000,0,2/8/2023
9,B40470429,1975-06-02,36,,20,450000,800000,,20,450000,800000,0,12/29/2023
3,C95211128,2008-11-04,48,2000,,,125000,2000,,,125000,0,6/2/2023
16,D21379655,1987-05-15,24,2000,,100000,350000,2000,,100000,350000,0,9/12/2023
12,K88768110,1973-05-25,3,1000,,200000,1200000,1000,,200000,1200000,0,8/26/2023
12,T23785722,1988-03-05,49,5000,,25000,150000,5000,,25000,150000,0,2/25/2023
20,V58409490,1975-07-24,49,,20,350000,1000000,,20,350000,1000000,0,10/3/2023
20,J7069670,1994-09-28,35,5000,,,150000,5000,,,150000,0,4/10/2023
20,G36341926,1987-06-05,7,,20,,,,20,,,0,5/15/2023
5,L8802609,2000-01-21,29,,50,25000,400000,,50,25000,400000,0,10/11/2023
13,S64494572,1993-06-04,28,,15,,705000,,15,,705000,0,2/4/2023
16,I55543430,1981-12-24,23,2500,,150000,600000,2500,,150000,600000,0,3/30/2023
13,D21264744,1979-10-17,37,3000,,100000,300000,3000,,100000,300000,0,8/25/2023
17,L2630963,1968-06-24,45,,20,75000,225000,,20,75000,225000,0,2/18/2023
17,F61555241,1985-03-16,35,,20,40000,350000,,20,40000,350000,0,6/8/2023
6,U27741743,2001-06-19,15,5000,,,,5000,,,,0,10/6/2023
20,J24806043,1985-05-25,44,,20,150000,800000,,20,150000,800000,0,9/12/2023
10,N79253985,1998-07-15,20,,10,35000,200000,,10,35000,200000,0,12/26/2023
12,L37305244,2005-07-07,38,,20,,715000,,20,,715000,0,11/13/2023
2,G72353000,1993-10-28,39,,20,200000,700000,,20,200000,700000,0,8/12/2023
8,O72270962,1971-02-02,35,,20,,150000,,20,,150000,0,9/16/2023
3,Q33332702,1977-11-05,35,3000,,,870000,3000,,,870000,0,3/15/2023
1,P34028142,1974-02-07,39,,20,,650000,,20,,650000,0,9/4/2023
9,E15692511,1979-05-21,42,,20,,200000,,20,,200000,0,10/30/2023
18,I1061095,1992-03-25,27,,20,200000,500000,,20,200000,500000,0,3/8/2023
16,T50398393,1993-10-17,13,,20,,400000,,20,,400000,0,4/25/2023
3,A96804712,1974-01-19,11,,20,300000,500000,,20,300000,500000,0,12/15/2023
6,C47071328,2001-03-20,43,3000,,20000,150000,3000,,20000,150000,0,11/16/2023
10,Q56744292,1990-08-28,49,1000,,,250000,1000,,,250000,0,9/30/2023
3,N32886096,1995-03-06,45,,20,,890000,,20,,890000,0,8/4/2023
20,Y25725950,1980-10-24,49,4500,,,550000,4500,,,550000,0,12/22/2023
10,N1607688,1971-07-16,39,3000,,75000,610000,3000,,75000,610000,0,6/26/2023
6,M50336636,1980-11-01,7,,30,300000,715000,,30,300000,715000,0,9/6/2023
11,X46462287,2002-09-27,22,5000,,,300000,5000,,,300000,0,8/8/2023
9,L27794791,1999-11-06,0,,10,,700000,,10,,700000,0,4/9/2023
19,Z67434225,1948-02-20,20,,20,50000,250000,,20,50000,250000,0,2/18/2023
2,R34999701,1953-04-09,40,,20,,600000,,20,,600000,0,6/5/2023
1,O76099883,1991-11-25,5,,20,25000,250000,,20,25000,250000,0,8/3/2023
4,C89219681,1975-10-16,26,,20,400000,650000,,20,400000,650000,0,2/1/2023
8,W69254043,2002-03-21,42,,20,75000,600000,,20,75000,600000,0,9/24/2023
5,R85356201,1991-03-29,41,,20,15000,300000,,20,15000,300000,0,7/28/2023
11,J6353682,1987-08-25,31,3600,,,450000,3600,,,450000,0,5/2/2023
6,E13803115,1991-11-20,11,,20,,850000,,20,,850000,0,10/26/2023
4,Q5198805,1969-08-02,35,2000,,,375000,2000,,,375000,0,10/17/2023
10,T87627203,1967-02-04,16,2000,,,650000,2000,,,650000,0,3/1/2023
3,V65289366,1962-02-22,39,,20,50000,250000,,20,50000,250000,0,4/1/2023
14,F98128261,1972-03-12,3,1500,,,550000,1500,,,550000,0,12/19/2023
1,R38941931,2004-12-11,45,2500,,,705000,2500,,,705000,0,10/15/2023
14,L73793967,1982-01-30,42,3000,,,350000,3000,,,350000,0,8/15/2023
11,B96519199,1954-02-25,18,3000,,,650000,3000,,,650000,0,8/26/2023
1,Z39246833,2013-01-16,46,,20,,300000,,20,,300000,0,8/6/2023
13,X74020074,1966-09-23,25,,50,,650000,,50,,650000,0,10/17/2023
3,G57987587,1991-07-16,14,,20,30000,200000,,20,30000,200000,0,5/16/2023
9,K48797529,1971-02-04,36,2500,,100000,600000,2500,,100000,600000,0,12/25/2023
13,E95571274,2009-09-16,15,3000,,,500000,3000,,,500000,0,5/20/2023
19,Y62315941,2015-09-29,11,,20,30000,300000,,20,30000,300000,0,12/19/2023
8,H58309537,1955-01-30,8,,20,300000,600000,,20,300000,600000,0,12/10/2023
15,I97629245,1974-06-14,35,2000,,250000,650000,2000,,250000,650000,0,11/23/2023
19,F46674435,2012-02-04,27,6000,,,400000,6000,,,400000,0,2/14/2023
16,H23655647,1999-07-15,34,3500,,550000,1370000,3500,,550000,1370000,0,6/11/2023
13,Z12286258,1986-05-10,35,2400,,400000,800000,2400,,400000,800000,0,6/3/2023
6,Y38344285,1979-12-14,38,,20,15000,402800,,20,15000,402800,0,7/28/2023
11,W22699846,2011-08-06,41,,20,300000,350000,,20,300000,350000,0,1/5/2023
13,W78473671,1996-10-12,45,,10,60000,735000,,10,60000,735000,0,7/8/2023
13,H19160875,1985-10-20,40,,20,50000,200000,,20,50000,200000,0,3/2/2023
4,L15091333,1973-07-16,10,,40,,250000,,40,,250000,0,10/14/2023
20,V99085691,1976-01-07,4,,20,80000,300000,,20,80000,300000,0,2/11/2023
9,B20498579,1966-08-02,49,,10,55000,510000,,10,55000,510000,0,12/10/2023
6,X67225232,1997-05-11,1,,15,,600000,,15,,600000,0,2/6/2023
19,G75203844,1971-05-02,39,,20,200000,500000,,20,200000,500000,0,5/16/2023
15,G77305657,1985-12-01,26,,20,,,,20,,,0,2/14/2023
17,B81412622,1970-09-27,13,4000,,,75000,4000,,,75000,0,2/12/2023
4,R29395318,2001-10-13,25,,20,40000,200000,,20,40000,200000,0,3/16/2023
12,Y63391494,1985-09-22,6,3500,,,150000,3500,,,150000,0,9/8/2023
19,Z97329727,1970-02-18,40,4500,,15000,300000,4500,,15000,300000,0,1/3/2023
4,T64438325,1992-09-02,14,2000,,50000,200000,2000,,50000,200000,0,10/22/2023
17,Q35233224,1985-09-13,34,,20,800000,800000,,20,800000,800000,0,8/10/2023
6,O95210203,1983-09-17,40,,25,,705000,,25,,705000,0,10/21/2023
17,E52508080,1993-01-06,15,,20,,180000,,20,,180000,0,2/24/2023
18,T48805228,1980-06-03,22,,20,,300000,,20,,300000,0,10/25/2023
16,T52618767,1977-07-14,20,2500,,50000,715000,2500,,50000,715000,0,4/10/2023
7,Q74263844,1994-08-09,44,,20,,910000,,20,,910000,0,8/24/2023
13,Z2581218,1988-05-05,9,,10,150000,1200000,,10,150000,1200000,0,4/4/2023
17,Y92049837,1968-08-14,11,,30,,700000,,30,,700000,0,8/13/2023
12,R37273885,1992-02-03,25,,20,600000,855000,,20,600000,855000,0,5/1/2023
20,J42590764,1964-05-19,38,3000,,,,3000,,,,0,6/8/2023
18,B5519428,1986-07-05,13,,20,50000,310000,,20,50000,310000,0,10/16/2023
20,H82102006,1955-10-06,30,,20,40000,200000,,20,40000,200000,0,8/1/2023
6,I33342958,1961-01-07,13,,20,75000,300000,,20,75000,300000,0,1/24/2023
2,S78688260,1994-02-03,23,4000,,,650000,4000,,,650000,0,2/6/2023
10,B13894717,2003-11-12,14,,10,,350000,,10,,350000,0,8/24/2023
13,R16110767,1980-06-03,15,,20,,390000,,20,,390000,0,12/6/2023
13,K33232146,1982-09-01,36,1500,,,870000,1500,,,870000,0,12/5/2023
16,U82628087,1992-03-27,22,,30,,,,30,,,0,2/12/2023
15,R6488344,1968-05-28,18,2500,,25000,100000,2500,,25000,100000,0,5/28/2023
19,H7962827,1978-10-22,22,,20,25000,100000,,20,25000,100000,0,10/18/2023
2,J29910891,2001-04-02,37,,10,,200000,,10,,200000,0,3/11/2023
14,Y12716191,1972-12-14,19,,20,,,,20,,,0,6/24/2023
11,T50837086,2015-06-03,10,,20,,150000,,20,,150000,0,1/21/2023
9,Y51446800,1993-01-03,30,2500,,,815000,2500,,,815000,0,4/11/2023
19,O19878705,1999-03-14,32,,20,100000,500000,,20,100000,500000,0,7/4/2023
19,E63149739,1969-02-17,25,1000,,,400000,1000,,,400000,0,2/12/2023
8,F17421316,1993-09-17,15,,20,30000,200000,,20,30000,200000,0,10/17/2023
6,V91016317,1957-01-15,34,,20,,350000,,20,,350000,0,4/21/2023
1,Q40000359,1988-01-30,16,,10,50000,430000,,10,50000,430000,0,4/28/2023
3,P97124585,1969-06-12,13,,20,60000,240000,,20,60000,240000,0,1/23/2023
15,P91198087,1991-09-11,29,,10,150000,600000,,10,150000,600000,0,5/22/2023
16,T77105134,2000-06-07,32,,10,10000,100000,,10,10000,100000,0,6/27/2023
19,R46412619,1998-07-02,38,,20,300000,700000,,20,300000,700000,0,11/18/2023
4,U74846307,1943-05-13,29,,25,125000,500000,,25,125000,500000,0,2/27/2023
3,S51182297,1995-06-16,11,,20,300000,600000,,20,300000,600000,0,10/13/2023
4,S7947381,1972-09-16,9,7500,,100000,400000,7500,,100000,400000,0,11/27/2023
8,Z68705620,1984-11-08,26,5000,,,400000,5000,,,400000,0,8/31/2023
4,F40897939,1997-12-22,4,,10,,600000,,10,,600000,0,10/28/2023
12,Q13779062,1962-11-01,45,,10,150000,400000,,10,150000,400000,0,8/18/2023
10,U84856047,1998-10-30,19,,20,,500000,,20,,500000,0,11/14/2023
13,F97582044,1984-03-12,18,2500,,,390000,2500,,,390000,0,3/20/2023
15,J60417502,1981-09-21,46,2500,,150000,550000,2500,,150000,550000,0,10/13/2023
5,B60570472,1969-07-25,15,1000,,6000,121700,1000,,6000,121700,0,1/21/2023
12,X32912852,1970-07-14,24,2500,,,465000,2500,,,465000,0,5/27/2023
17,A89197188,2012-07-01,38,,10,,,,10,,,0,8/19/2023
3,V18538493,2006-03-18,39,,20,,635000,,20,,635000,0,2/28/2023
9,P96259764,1954-02-17,41,5000,,50000,300000,5000,,50000,300000,0,3/21/2023
17,Y64022619,1988-08-12,10,7000,,75000,300000,7000,,75000,300000,0,12/13/2023
1,A94383078,1976-12-03,35,,20,,650000,,20,,650000,0,7/16/2023
10,T22546412,1989-02-10,1,,25,,750000,,25,,750000,0,7/2/2023
1,W7476145,1964-05-07,24,5000,,17500,275000,5000,,17500,275000,0,3/7/2023
5,H84285269,1953-11-18,1,3500,,,400000,3500,,,400000,0,7/3/2023
19,L45959738,1969-01-16,41,1000,,75000,300000,1000,,75000,300000,0,11/26/2023
3,J71204522,1964-10-27,38,2500,,,1800000,2500,,,1800000,0,9/6/2023
20,E18143297,1977-06-08,38,2000,,,400000,2000,,,400000,0,3/20/2023
19,R72638569,1974-04-16,8,5000,,125000,375000,5000,,125000,375000,0,9/26/2023
12,E62336739,1966-07-30,10,1000,,35000,600000,1000,,35000,600000,0,12/11/2023
15,N80701867,1965-02-18,16,2500,,,,2500,,,,0,7/28/2023
13,C62114743,2001-02-15,40,,10,,,,10,,,0,11/7/2023
9,A82724768,1987-02-18,17,2000,,,100000,2000,,,100000,0,4/24/2023
17,I50608159,2009-11-24,42,2500,,,150000,2500,,,150000,0,4/4/2023
16,L81676778,1998-02-28,21,,20,6000,121700,,20,6000,121700,0,7/6/2023
11,N18779190,1961-08-01,31,2500,,,600000,2500,,,600000,0,12/21/2023
16,S44934213,1987-01-21,7,3000,,25000,200000,3000,,25000,200000,0,11/1/2023
14,U17344073,1987-04-18,20,2000,,,150000,2000,,,150000,0,6/11/2023
19,V26768921,1991-09-08,43,5000,,400000,600000,5000,,400000,600000,0,6/24/2023
18,V82338950,2016-09-07,8,3500,,200000,1350000,3500,,200000,1350000,0,9/18/2023
6,Z70579115,1976-01-02,7,2500,,,200000,2500,,,200000,0,2/20/2023
3,Q20281709,1999-08-10,21,2500,,,,2500,,,,0,10/6/2023
16,K73153036,1952-01-16,40,2500,,90000,730000,2500,,90000,730000,0,9/23/2023
14,Y60464594,1993-11-02,5,,20,180000,360000,,20,180000,360000,0,3/30/2023
13,A85150554,1969-07-01,36,,20,,910000,,20,,910000,0,10/19/2023
8,B19119376,1987-02-15,31,,20,200000,400000,,20,200000,400000,0,10/3/2023
17,V29507491,1973-11-20,11,2000,,150000,665000,2000,,150000,665000,0,5/8/2023
9,H23028961,1991-05-05,21,1000,,125000,600000,1000,,125000,600000,0,4/21/2023
5,E42611856,2003-02-04,44,,20,,300000,,20,,300000,0,11/5/2023
4,I8616312,1978-06-27,45,,15,200000,500000,,15,200000,500000,0,5/1/2023
9,N81870781,2000-04-09,42,,20,30000,300000,,20,30000,300000,0,12/4/2023
14,B46623607,1988-09-02,19,,20,40000,250000,,20,40000,250000,0,12/5/2023
3,C97681491,1961-11-21,24,,10,,675000,,10,,675000,0,7/13/2023
1,X42201554,1992-03-11,22,5000,,,640000,5000,,,640000,0,8/13/2023
14,Q37839085,1983-02-12,30,,20,185000,500000,,20,185000,500000,0,12/4/2023
3,L25560880,1985-09-10,11,,20,,150000,,20,,150000,0,12/29/2023
3,N38058580,1990-06-02,4,2400,,,390000,2400,,,390000,0,1/16/2023
10,R79294972,1981-06-22,16,,50,18200,426200,,50,18200,426200,0,9/1/2023
7,M53558016,2004-07-06,7,3000,,150000,300000,3000,,150000,300000,0,1/12/2023
2,B45064708,1978-06-08,36,,20,50000,200000,,20,50000,200000,0,12/26/2023
12,Z3544160,1996-06-17,30,1000,,300000,350000,1000,,300000,350000,0,8/30/2023
6,C14543588,1977-05-06,26,2000,,25000,300000,2000,,25000,300000,0,4/4/2023
6,A32961678,1975-03-28,35,1000,,,715000,1000,,,715000,0,11/3/2023
14,T37353215,1970-01-23,39,,20,,750000,,20,,750000,0,1/6/2023
14,Q44011329,1983-07-07,3,,20,30000,200000,,20,30000,200000,0,9/23/2023
10,P72176302,1976-02-27,18,3000,,35000,400000,3000,,35000,400000,0,2/1/2023
8,I13712179,1971-10-01,42,,20,250000,650000,,20,250000,650000,0,10/24/2023
17,A66316340,1995-10-31,25,,20,,350000,,20,,350000,0,2/11/2023
8,I93177392,1972-09-16,32,3400,,,390000,3400,,,390000,0,3/19/2023
17,H73680149,1993-03-11,22,,20,250000,550000,,20,250000,550000,0,3/11/2023
11,Y79292695,1998-07-13,15,,20,100000,450000,,20,100000,450000,0,4/17/2023
11,D11491519,1989-07-29,46,,10,,475000,,10,,475000,0,10/22/2023
4,S60131125,1961-05-20,12,2000,,,150000,2000,,,150000,0,4/29/2023
18,M12001212,1975-12-11,24,,10,,390000,,10,,390000,0,10/16/2023
1,N61707218,1964-10-10,16,,20,,240000,,20,,240000,0,10/14/2023
18,X47040606,1996-12-01,35,,20,,910000,,20,,910000,0,3/28/2023
5,B65568304,2004-12-20,43,2000,,,150000,2000,,,150000,0,12/18/2023
19,X90473321,1980-11-22,20,1000,,,705000,1000,,,705000,0,6/28/2023
17,R24240141,1969-03-12,21,,20,,1180000,,20,,1180000,0,5/20/2023
13,T36431142,1945-07-21,28,,20,200000,400000,,20,200000,400000,0,6/8/2023
15,V74688605,1974-05-03,24,,10,,350000,,10,,350000,0,2/1/2023
3,R9677669,1987-06-22,34,,20,100000,685000,,20,100000,685000,0,7/27/2023
3,D38728753,1991-04-11,36,2000,,,705000,2000,,,705000,0,5/17/2023
18,P88525081,1989-12-19,42,4500,,15000,300000,4500,,15000,300000,0,12/22/2023
2,I3707006,1982-11-03,33,,10,,400000,,10,,400000,0,4/29/2023
10,D10436451,2007-10-15,8,3000,,,200000,3000,,,200000,0,2/20/2023
9,I96801835,1963-06-01,8,,20,50000,150000,,20,50000,150000,0,9/5/2023
7,J45778125,1991-10-24,43,,20,70000,570000,,20,70000,570000,0,9/24/2023
19,X1932811,1975-10-05,6,4000,,150000,300000,4000,,150000,300000,0,5/21/2023
18,I6143647,1956-12-24,0,5000,,30000,300000,5000,,30000,300000,0,12/16/2023
5,Q19537398,1988-04-08,15,,20,,910000,,20,,910000,0,8/4/2023
5,U252767,1977-05-20,40,3500,,,500000,3500,,,500000,0,7/18/2023
7,W36369441,1949-04-03,36,1500,,50000,300000,1500,,50000,300000,0,8/18/2023
15,P62636128,1976-10-06,27,,10,50000,300000,,10,50000,300000,0,2/28/2023
15,U54992788,2004-07-30,12,7000,,200000,700000,7000,,200000,700000,0,10/31/2023
2,X58148198,1992-07-02,24,,20,,250000,,20,,250000,0,5/16/2023
5,M30788080,1982-12-30,28,,10,,450000,,10,,450000,0,5/20/2023
12,M8808130,2000-08-28,25,,20,150000,350000,,20,150000,350000,0,5/18/2023
6,T78060182,1955-07-19,31,,15,100000,500000,,15,100000,500000,0,7/28/2023
8,B98550162,1985-04-01,6,,20,240000,470000,,20,240000,470000,0,10/28/2023
7,X36228346,1996-04-15,13,,20,,870000,,20,,870000,0,3/4/2023
13,O86172290,1981-11-30,5,3000,,,300000,3000,,,300000,0,8/15/2023
9,M32100685,1988-10-03,21,,20,50000,350000,,20,50000,350000,0,4/1/2023
15,N97103924,1943-10-31,41,,20,,690000,,20,,690000,0,3/4/2023
19,U34879071,1986-03-17,33,1500,,225000,345000,1500,,225000,345000,0,1/5/2023
1,A70570309,1960-03-29,20,4000,,,125000,4000,,,125000,0,10/14/2023
19,L76810101,1976-11-06,22,3000,,60000,260000,3000,,60000,260000,0,9/21/2023
6,F10313454,1989-03-26,43,3500,,,815000,3500,,,815000,0,7/4/2023
10,G4292341,1966-09-18,13,5500,,50000,225000,5500,,50000,225000,0,5/26/2023
9,A24236443,1990-08-23,6,2000,,200000,685000,2000,,200000,685000,0,9/19/2023
1,I31769513,1959-04-16,5,,10,200000,400000,,10,200000,400000,0,2/20/2023
2,Q41169950,1970-01-14,11,4500,,60000,170000,4500,,60000,170000,0,3/2/2023
15,Y93883915,1949-10-16,8,,20,,75000,,20,,75000,0,5/2/2023
8,R61416852,1943-06-13,28,3000,,,250000,3000,,,250000,0,10/30/2023
10,S30133813,1973-06-15,15,,10,,400000,,10,,400000,0,5/5/2023
16,J31812843,1981-08-04,33,1500,,50000,310000,1500,,50000,310000,0,8/1/2023
17,V90673138,1950-12-24,27,2500,,,635000,2500,,,635000,0,1/21/2023
1,N35748022,1963-04-12,48,2000,,,200000,2000,,,200000,0,6/20/2023
14,N21911295,1987-06-03,29,,30,30000,200000,,30,30000,200000,0,7/13/2023
4,Y53926391,2007-08-14,9,,20,,450000,,20,,450000,0,5/4/2023
6,K76215490,1964-08-04,8,2500,,500000,1000000,2500,,500000,1000000,0,9/13/2023
4,Y82597324,1987-12-23,18,,20,,150000,,20,,150000,0,7/26/2023
11,U91287430,2002-10-21,6,2500,,95000,650000,2500,,95000,650000,0,12/6/2023
12,I92574993,1980-08-31,1,,10,,300000,,10,,300000,0,8/5/2023
4,R1680879,1973-09-09,8,3000,,30000,200000,3000,,30000,200000,0,3/24/2023
4,J74568863,1978-06-16,12,3000,,,200000,3000,,,200000,0,10/31/2023
15,L77445966,1975-07-25,49,,20,50000,300000,,20,50000,300000,0,12/30/2023
3,W44180347,2009-05-27,20,2000,,100000,300000,2000,,100000,300000,0,1/27/2023
11,C33030816,1977-06-06,0,,20,,635000,,20,,635000,0,4/4/2023
14,V73377734,1967-09-26,1,,20,,150000,,20,,150000,0,3/9/2023
2,P13340456,1994-05-27,42,,30,300000,600000,,30,300000,600000,0,8/9/2023
11,D74343591,1995-01-20,43,4000,,15000,300000,4000,,15000,300000,0,5/6/2023
19,J43247597,1994-09-18,28,,20,,300000,,20,,300000,0,7/14/2023
8,C86295810,1973-05-19,28,,20,,705000,,20,,705000,0,3/24/2023
12,P21869362,1968-08-01,43,3500,,40000,300000,3500,,40000,300000,0,2/23/2023
6,H6215525,1983-05-27,10,,20,15000,300000,,20,15000,300000,0,8/18/2023
15,L53568589,1960-06-29,20,1000,,,250000,1000,,,250000,0,9/10/2023
14,T60372191,1971-09-09,32,1000,,35000,600000,1000,,35000,600000,0,5/23/2023
19,Q33907839,1999-11-18,33,2500,,30000,300000,2500,,30000,300000,0,4/9/2023
8,M35118059,1976-05-24,36,3000,,55000,415000,3000,,55000,415000,0,1/25/2023
13,S50678804,1941-05-25,18,,40,30000,815000,,40,30000,815000,0,12/27/2023
11,Y72631434,1994-04-12,36,,10,,600000,,10,,600000,0,9/14/2023
19,O17649339,2000-05-15,43,,20,150000,830000,,20,150000,830000,0,3/28/2023
14,W90120010,1998-01-07,22,,20,,300000,,20,,300000,0,4/17/2023
2,X31814817,1991-03-20,28,,20,125000,500000,,20,125000,500000,0,5/21/2023
17,H99452696,1980-08-28,21,,20,100000,300000,,20,100000,300000,0,4/18/2023
15,P33710151,1999-05-25,38,7000,,300000,500000,7000,,300000,500000,0,7/12/2023
5,D88270362,1947-07-16,9,2000,,,300000,2000,,,300000,0,3/20/2023
15,W54733206,1962-08-29,26,,20,,150000,,20,,150000,0,3/21/2023
10,U73332899,1969-04-19,31,,20,,200000,,20,,200000,0,5/17/2023
19,V55450014,1975-12-08,4,2500,,400000,1200000,2500,,400000,1200000,0,5/23/2023
3,E52192137,2011-02-09,47,,20,,,,20,,,0,12/10/2023
7,W94496609,1991-02-15,22,,20,,200000,,20,,200000,0,3/12/2023
3,X60237065,1954-02-02,11,1500,,,200000,1500,,,200000,0,1/3/2023
12,G18961903,1079-05-14,43,5000,,100000,1060000,5000,,100000,1060000,0,6/6/2023
8,A86739960,1974-10-01,29,,20,30000,300000,,20,30000,300000,0,5/18/2023
11,Z34030535,1963-08-01,36,5000,,,635000,5000,,,635000,0,1/17/2023
5,C15738927,1962-01-08,5,5000,,,150000,5000,,,150000,0,10/1/2023
9,X92184143,1984-04-01,39,,20,150000,200000,,20,150000,200000,0,4/9/2023
18,R35424506,1979-08-13,21,7000,,,,7000,,,,0,3/16/2023
17,V40404060,2007-02-07,38,,10,100000,500000,,10,100000,500000,0,8/26/2023
19,R3154953,1965-10-23,0,2000,,,275000,2000,,,275000,0,4/14/2023
14,H77587960,1956-09-13,5,,20,30000,200000,,20,30000,200000,0,7/23/2023
13,M62306878,1959-10-24,43,,20,60000,300000,,20,60000,300000,0,12/19/2023
13,Z3787509,1966-07-28,43,2400,,,400000,2400,,,400000,0,9/13/2023
18,F81874905,1976-11-30,46,2500,,300000,600000,2500,,300000,600000,0,2/13/2023
12,H87893597,1999-09-20,40,,20,100000,400000,,20,100000,400000,0,3/25/2023
15,T30066119,1985-08-13,49,4500,,70000,100000,4500,,70000,100000,0,6/10/2023
8,M41040286,1976-02-16,14,1000,,,,1000,,,,0,4/24/2023
5,U99092040,1991-09-30,0,2000,,,650000,2000,,,650000,0,11/29/2023
9,U59268110,1978-11-25,37,2500,,,400000,2500,,,400000,0,2/3/2023
11,P69942909,1998-01-19,12,3500,,,650000,3500,,,650000,0,9/11/2023
18,E90881928,1962-01-08,45,,30,,750000,,30,,750000,0,2/10/2023
19,R43136117,1983-05-09,5,,20,,500000,,20,,500000,0,2/25/2023
17,J91457997,1985-01-20,47,,10,,690000,,10,,690000,0,3/31/2023
2,H64262635,1967-07-10,49,2500,,75000,305000,2500,,75000,305000,0,3/31/2023
16,D52599569,1977-10-30,5,,20,600000,1320000,,20,600000,1320000,0,5/30/2023
6,K41612300,1988-08-01,41,1500,,150000,300000,1500,,150000,300000,0,9/12/2023
3,S29309742,1980-07-29,1,,20,,,,20,,,0,9/28/2023
19,S87240920,1980-04-17,2,4000,,,,4000,,,,0,1/2/2023
13,O45244877,1968-03-08,47,,20,,,,20,,,0,1/9/2023
10,A12549092,1981-06-20,26,,10,,300000,,10,,300000,0,4/22/2023
19,N25131446,1994-08-09,39,5000,,,200000,5000,,,200000,0,3/15/2023
12,E74774748,1981-07-06,35,,20,,390000,,20,,390000,0,3/11/2023
4,E89273633,1998-06-25,26,,20,75000,325000,,20,75000,325000,0,3/18/2023
12,W1758430,1966-05-15,21,,25,,705000,,25,,705000,0,3/15/2023
7,T46348640,2000-01-26,48,3500,,,800000,3500,,,800000,0,10/27/2023
9,O18922314,1970-02-10,41,2500,,,300000,2500,,,300000,0,12/5/2023
20,L37581067,1998-03-14,42,,10,150000,400000,,10,150000,400000,0,12/19/2023
8,N64611076,1972-11-10,29,,20,,150000,,20,,150000,0,10/6/2023
1,H17907402,1958-10-18,46,,50,,705000,,50,,705000,0,4/22/2023
4,Q7774708,1978-11-03,4,3000,,70000,400000,3000,,70000,400000,0,12/24/2023
5,P7886047,1979-05-19,28,5000,,6000,121700,5000,,6000,121700,0,8/15/2023
15,N75430387,2000-06-29,5,3000,,400000,625000,3000,,400000,625000,0,8/26/2023
5,O13877933,1976-02-16,7,,20,,450000,,20,,450000,0,10/13/2023
12,M56422590,1988-03-29,36,2000,,125000,660000,2000,,125000,660000,0,2/5/2023
11,M93417298,1986-04-24,37,4500,,100000,200000,4500,,100000,200000,0,4/1/2023
4,F72707648,1995-01-26,11,2500,,25000,300000,2500,,25000,300000,0,12/15/2023
5,E37711673,2010-11-16,37,3000,,,100000,3000,,,100000,0,9/10/2023
20,O99720944,2001-04-05,28,2500,,25000,350000,2500,,25000,350000,0,4/14/2023
6,Z53854735,1979-12-19,44,,10,,150000,,10,,150000,0,12/18/2023
3,C73342049,1972-10-10,32,,20,,855000,,20,,855000,0,8/16/2023
6,B55605137,2017-02-08,23,,20,90000,450000,,20,90000,450000,0,12/16/2023
11,K42555052,1998-12-26,25,2000,,35000,600000,2000,,35000,600000,0,10/25/2023
15,Y13479041,1988-09-08,34,3000,,,600000,3000,,,600000,0,7/9/2023
3,F14108438,2004-11-01,38,3000,,,150000,3000,,,150000,0,11/23/2023
2,Y72423531,1995-05-08,47,3000,,75000,600000,3000,,75000,600000,0,7/9/2023
18,H88310830,2009-04-05,41,2500,,125000,450000,2500,,125000,450000,0,11/11/2023
17,H18482643,1998-08-11,4,,40,350000,700000,,40,350000,700000,0,1/2/2023
5,A3556007,1980-10-23,21,,10,300000,600000,,10,300000,600000,0,6/14/2023
2,A64637337,1957-11-02,30,4000,,600000,1470000,4000,,600000,1470000,0,5/28/2023
19,D91252614,1970-12-16,49,,30,15000,300000,,30,15000,300000,0,6/14/2023
19,W30395159,1991-12-03,45,,20,,910000,,20,,910000,0,8/11/2023
12,G92540982,1993-01-14,1,5000,,100000,200000,5000,,100000,200000,0,11/26/2023
2,Q9724951,1995-07-09,27,,15,300000,600000,,15,300000,600000,0,2/11/2023
6,T3511563,1970-12-10,39,,20,125000,600000,,20,125000,600000,0,11/3/2023
5,W57576503,1978-08-20,23,4500,,,620000,4500,,,620000,0,8/10/2023
8,X96596487,1997-04-02,45,2000,,50000,150000,2000,,50000,150000,0,5/31/2023
20,E76494501,1990-11-05,39,,20,500000,635000,,20,500000,635000,0,1/12/2023
3,V12387758,1998-02-05,30,,50,,400000,,50,,400000,0,7/30/2023
2,U51730730,1996-10-10,19,,10,,240000,,10,,240000,0,8/30/2023
2,E28342694,1965-06-15,49,,20,,450000,,20,,450000,0,6/9/2023
2,U65777993,2001-04-26,5,2000,,350000,630000,2000,,350000,630000,0,12/8/2023
19,U88669177,1992-09-09,10,3600,,,705000,3600,,,705000,0,2/20/2023
15,V21393740,1989-01-18,35,4000,,,705000,4000,,,705000,0,8/18/2023
16,X23140377,1972-05-24,8,3500,,,790000,3500,,,790000,0,3/22/2023
12,I15950899,1958-06-01,40,4000,,,250000,4000,,,250000,0,6/14/2023
16,B91670606,1980-01-10,14,2500,,,400000,2500,,,400000,0,7/25/2023
9,S39348020,1975-07-15,1,,20,300000,600000,,20,300000,600000,0,9/28/2023
15,A66190985,1988-09-17,48,,20,,910000,,20,,910000,0,1/24/2023
20,M12730284,1990-05-02,23,,20,150000,600000,,20,150000,600000,0,6/23/2023
7,B1695676,2000-03-13,0,,50,35000,100000,,50,35000,100000,0,6/21/2023
13,H45917484,1999-04-06,5,,20,,300000,,20,,300000,0,11/28/2023
3,Y54286403,1954-01-25,7,,25,,500000,,25,,500000,0,4/27/2023
3,R67704664,2001-07-03,30,,20,150000,300000,,20,150000,300000,0,3/14/2023
17,T75625105,2000-10-07,49,,20,400000,400000,,20,400000,400000,0,8/10/2023
10,X75095572,1998-03-29,22,3000,,,910000,3000,,,910000,0,6/29/2023
17,X50411469,1991-10-08,40,2500,,300000,550000,2500,,300000,550000,0,11/13/2023
6,M55048638,1982-02-16,46,4000,,30000,402800,4000,,30000,402800,0,4/19/2023
3,B46334286,1974-04-18,42,2000,,,350000,2000,,,350000,0,6/13/2023
12,V55459734,1998-07-14,11,3600,,40000,400000,3600,,40000,400000,0,6/25/2023
2,Z14402416,1991-11-21,37,,20,,150000,,20,,150000,0,1/2/2023
19,W20875481,1963-11-27,38,2000,,400000,400000,2000,,400000,400000,0,4/14/2023
1,K11643357,1948-09-22,39,2000,,400000,400000,2000,,400000,400000,0,5/15/2023
9,K62825406,1995-12-30,9,9000,,50000,250000,9000,,50000,250000,0,6/28/2023
3,P17864332,1962-03-24,43,2500,,635000,735000,2500,,635000,735000,0,10/13/2023
8,P4680800,1991-12-11,5,3000,,100000,250000,3000,,100000,250000,0,11/10/2023
18,M83502850,1978-01-27,27,,20,,400000,,20,,400000,0,8/17/2023
5,H26592622,1986-05-31,17,5500,,100000,350000,5500,,100000,350000,0,5/7/2023
20,I76550801,1996-03-27,0,,30,30000,400000,,30,30000,400000,0,5/31/2023
5,S37330376,1992-05-12,42,,20,,500000,,20,,500000,0,3/18/2023
8,X93118070,1978-04-10,39,,20,240000,800000,,20,240000,800000,0,9/16/2023
10,Q16738368,1971-03-26,33,3000,,,125000,3000,,,125000,0,5/9/2023
18,Q58408800,1973-08-03,24,,20,150000,500000,,20,150000,500000,0,8/15/2023
17,R5045316,1975-08-28,30,,10,,705000,,10,,705000,0,11/19/2023
1,D72715326,1973-05-21,35,3000,,100000,300000,3000,,100000,300000,0,8/7/2023
16,K63407818,1964-11-19,34,2500,,,775000,2500,,,775000,0,6/21/2023
7,R50492026,1993-01-16,6,,15,50000,550000,,15,50000,550000,0,11/10/2023
5,Q93837660,1984-09-23,13,,10,,705000,,10,,705000,0,12/5/2023
6,F59653119,1978-08-03,39,2000,,,525000,2000,,,525000,0,3/16/2023
2,V86057581,1968-02-24,36,,25,50000,250000,,25,50000,250000,0,10/22/2023
11,K92945743,1984-09-06,27,2000,,,790000,2000,,,790000,0,11/3/2023
6,Y53849527,2000-09-22,12,,20,,635000,,20,,635000,0,4/14/2023
9,W93581432,1956-06-05,20,1500,,,300000,1500,,,300000,0,6/4/2023
2,W34104051,1988-08-06,30,,20,6000,121700,,20,6000,121700,0,10/13/2023
10,H13266300,1997-10-18,48,,20,,910000,,20,,910000,0,2/7/2023
6,C48048978,1978-04-26,9,2500,,,450000,2500,,,450000,0,5/17/2023
11,F2352243,1970-09-10,19,,30,6000,121700,,30,6000,121700,0,5/28/2023
18,F66030040,1991-09-04,46,,20,,390000,,20,,390000,0,3/17/2023
18,X19038415,1997-08-22,3,2000,,180000,1000000,2000,,180000,1000000,0,4/22/2023
16,H74735677,2003-11-10,35,,10,25000,300000,,10,25000,300000,0,1/11/2023
2,C97384388,1986-01-30,38,2000,,100000,625000,2000,,100000,625000,0,1/10/2023
7,F18902760,2000-02-02,11,2500,,,400000,2500,,,400000,0,5/29/2023
11,D32353374,1974-01-06,6,2500,,,300000,2500,,,300000,0,6/15/2023
13,O78309494,1994-04-11,34,2500,,25000,225000,2500,,25000,225000,0,7/3/2023
13,O24185876,1977-03-08,23,3600,,,200000,3600,,,200000,0,1/24/2023
16,M45256323,1969-05-31,19,,20,60000,350000,,20,60000,350000,0,3/29/2023
19,V74111282,2010-04-06,45,,20,300000,,,20,300000,,0,7/16/2023
7,J87755172,1985-05-13,20,,20,30000,200000,,20,30000,200000,0,6/10/2023
15,M38736822,1971-11-30,47,,20,500000,715000,,20,500000,715000,0,5/7/2023
9,I19291869,1959-07-12,46,,20,,200000,,20,,200000,0,5/12/2023
7,T31410438,1974-11-03,47,1500,,100000,300000,1500,,100000,300000,0,11/26/2023
12,M47296190,1991-11-10,5,,20,30000,200000,,20,30000,200000,0,1/22/2023
3,U5436085,2003-03-16,1,4500,,150000,750000,4500,,150000,750000,0,10/6/2023
9,O39348428,1988-04-08,39,,30,30000,400000,,30,30000,400000,0,11/1/2023
2,W66227024,1996-03-15,23,5000,,50000,715000,5000,,50000,715000,0,4/19/2023
16,C28670937,1999-05-18,30,,20,100000,300000,,20,100000,300000,0,9/26/2023
20,F37314758,1971-08-05,33,3500,,,450000,3500,,,450000,0,5/22/2023
15,N78597686,1977-02-16,45,4000,,75000,300000,4000,,75000,300000,0,6/9/2023
11,M48588179,1969-07-31,1,3000,,,450000,3000,,,450000,0,8/13/2023
16,P39484309,1978-05-07,22,,20,100000,550000,,20,100000,550000,0,5/29/2023
3,F24219639,1980-02-20,13,,20,,705000,,20,,705000,0,8/31/2023
8,Y60915726,1969-06-06,23,2500,,100000,,2500,,100000,,0,6/20/2023
16,N22441623,1995-04-01,17,,10,30000,400000,,10,30000,400000,0,5/29/2023
7,T67087909,1971-05-31,18,,20,250000,650000,,20,250000,650000,0,11/14/2023
1,B19669766,1995-07-15,24,,20,,575000,,20,,575000,0,5/28/2023
2,F63884923,1992-11-30,40,3000,,150000,550000,3000,,150000,550000,0,2/2/2023
11,H37424933,1981-04-06,3,,50,50000,540000,,50,50000,540000,0,6/13/2023
10,S22441895,1973-02-22,4,4000,,15000,300000,4000,,15000,300000,0,3/18/2023
18,F82089215,1996-09-17,20,1500,,250000,655000,1500,,250000,655000,0,4/27/2023
6,K75879062,1958-08-14,18,,10,150000,400000,,10,150000,400000,0,5/21/2023
5,L4737597,1994-08-08,28,,20,100000,500000,,20,100000,500000,0,3/14/2023
8,K73411665,1940-03-02,15,,20,,910000,,20,,910000,0,12/26/2023
6,M91119209,1976-10-09,18,3000,,80000,350000,3000,,80000,350000,0,11/24/2023
2,P59184858,1949-06-30,38,,20,,650000,,20,,650000,0,5/31/2023
2,S60318984,1995-11-27,47,,20,,705000,,20,,705000,0,6/1/2023
15,M81952482,1970-01-20,9,,20,25000,175000,,20,25000,175000,0,10/14/2023
12,H84712712,1953-08-31,44,5000,,,705000,5000,,,705000,0,10/17/2023
1,U96112958,1991-03-05,27,,15,,150000,,15,,150000,0,6/19/2023
17,T43535346,1992-04-18,10,3000,,,,3000,,,,0,1/12/2023
7,H84635153,1951-07-07,13,2000,,170000,487500,2000,,170000,487500,0,12/30/2023
17,N87714629,1985-11-12,13,,10,100000,400000,,10,100000,400000,0,3/17/2023
11,I20051592,1985-10-26,37,2000,,,690000,2000,,,690000,0,8/25/2023
1,O24578975,1996-06-12,34,1000,,100000,600000,1000,,100000,600000,0,3/20/2023
17,Q80965904,2002-03-13,34,,20,300000,,,20,300000,,0,5/20/2023
14,Q27630699,2005-05-27,45,2000,,75000,350000,2000,,75000,350000,0,6/30/2023
2,S58415950,1996-11-25,0,4000,,50000,200000,4000,,50000,200000,0,9/23/2023
3,W38782639,1958-09-30,2,,10,60000,300000,,10,60000,300000,0,8/27/2023
17,C18953570,1969-09-10,48,3000,,,910000,3000,,,910000,0,2/25/2023
20,I58288265,1951-09-29,34,2500,,80000,300000,2500,,80000,300000,0,10/12/2023
18,O39446462,1966-01-06,44,,10,100000,600000,,10,100000,600000,0,9/30/2023
12,D11052444,1953-04-24,22,,20,150000,500000,,20,150000,500000,0,3/16/2023
13,I92377217,1966-11-20,35,4000,,,705000,4000,,,705000,0,10/6/2023
4,H37091987,1981-06-05,1,,15,,910000,,15,,910000,0,6/24/2023
8,F39809055,2012-04-02,4,2500,,,200000,2500,,,200000,0,9/15/2023
13,F78622206,2003-06-05,32,3000,,,150000,3000,,,150000,0,6/27/2023
20,H89207346,1967-04-04,40,,15,25000,75000,,15,25000,75000,0,7/26/2023
6,S26577677,1986-08-19,28,,20,25000,75000,,20,25000,75000,0,6/21/2023
7,X74950559,1995-09-27,46,2500,,,150000,2500,,,150000,0,11/30/2023
10,P45332499,1975-04-23,42,,20,300000,790000,,20,300000,790000,0,7/6/2023
11,W55633762,1955-01-18,32,3000,,350000,410000,3000,,350000,410000,0,10/17/2023
1,S15967325,1953-06-11,49,1000,,,750000,1000,,,750000,0,2/14/2023
15,E59162354,1977-04-07,5,,20,,900000,,20,,900000,0,3/6/2023
13,M25637475,1982-11-17,13,2400,,10000,200000,2400,,10000,200000,0,1/8/2023
8,U65153273,1984-05-04,43,,15,,350000,,15,,350000,0,2/1/2023
12,L83428505,2003-04-16,47,5000,,,300000,5000,,,300000,0,6/7/2023
11,X87305384,1958-08-25,35,,10,,620000,,10,,620000,0,3/21/2023
4,X61542601,1992-07-16,4,,20,500000,700000,,20,500000,700000,0,2/21/2023
16,W7170336,1988-02-12,22,,20,100000,500000,,20,100000,500000,0,12/11/2023
19,H44741219,1983-12-11,20,1500,,100000,600000,1500,,100000,600000,0,6/12/2023
7,P15149701,2017-08-05,35,3500,,,200000,3500,,,200000,0,12/27/2023
11,Q20676420,1979-10-03,12,3000,,450000,660000,3000,,450000,660000,0,11/22/2023
10,Y34563738,1950-08-11,3,,10,50000,300000,,10,50000,300000,0,12/26/2023
6,P59075360,1996-01-03,7,,20,,600000,,20,,600000,0,6/9/2023
18,F40281609,2010-08-05,18,,20,150000,450000,,20,150000,450000,0,8/24/2023
1,N8699479,1966-04-23,42,,20,,475000,,20,,475000,0,3/17/2023
5,F34672506,1995-03-27,36,,15,50000,400000,,15,50000,400000,0,11/25/2023
17,E87581883,1995-04-19,5,,20,,200000,,20,,200000,0,6/21/2023
16,A10531571,1947-05-13,35,3000,,,450000,3000,,,450000,0,1/1/2023
1,T54253535,1985-06-08,48,,10,,400000,,10,,400000,0,6/3/2023
4,K13154096,1973-10-17,4,1000,,50000,350000,1000,,50000,350000,0,5/2/2023
10,E25500825,1995-03-24,22,,20,,300000,,20,,300000,0,9/25/2023
13,C11875992,1943-01-27,19,,20,,525000,,20,,525000,0,3/17/2023
7,B49654171,1958-05-17,0,,20,85000,360000,,20,85000,360000,0,9/27/2023
20,R5168043,1969-11-06,40,,10,,150000,,10,,150000,0,9/8/2023
14,R53489304,1991-03-04,34,,20,100000,400000,,20,100000,400000,0,5/18/2023
20,Q12766008,1999-03-05,17,3000,,100000,500000,3000,,100000,500000,0,4/21/2023
5,K55529947,2000-03-28,10,,25,,150000,,25,,150000,0,7/27/2023
2,I53338164,2011-06-19,12,2000,,100000,300000,2000,,100000,300000,0,1/19/2023
2,I78872596,1978-06-01,34,3400,,125000,660000,3400,,125000,660000,0,9/22/2023
9,H66836390,1955-05-26,21,5000,,105000,300000,5000,,105000,300000,0,12/7/2023
12,T2611195,1990-04-30,14,,10,80000,585000,,10,80000,585000,0,8/30/2023
4,U16946462,1996-08-18,39,2500,,,815000,2500,,,815000,0,12/29/2023
2,J62521448,2007-01-11,38,2500,,200000,650000,2500,,200000,650000,0,5/15/2023
13,H947721,1991-06-16,24,3000,,200000,685000,3000,,200000,685000,0,4/21/2023
15,U48871630,1972-08-12,45,500,,125000,430000,500,,125000,430000,0,8/28/2023
1,Y1811836,1978-02-03,30,,20,100000,450000,,20,100000,450000,0,12/28/2023
17,S52058732,1957-12-27,1,,10,120000,250000,,10,120000,250000,0,1/30/2023
6,P40514918,1975-07-06,21,,20,170000,800000,,20,170000,800000,0,12/7/2023
20,G75225828,1986-08-12,31,3000,,15000,100000,3000,,15000,100000,0,11/11/2023
20,U25306725,1989-07-09,4,,20,25000,150000,,20,25000,150000,0,8/21/2023
13,R67098568,1994-07-27,41,,15,30000,200000,,15,30000,200000,0,6/27/2023
5,K49075293,1960-06-25,48,2500,,50000,300000,2500,,50000,300000,0,4/25/2023
19,N27985771,1964-05-27,19,,50,,400000,,50,,400000,0,4/25/2023
20,A55964829,1980-06-23,3,2500,,,705000,2500,,,705000,0,7/27/2023
15,G7221046,1999-04-01,41,3000,,600000,840000,3000,,600000,840000,0,2/13/2023
15,B84049212,1957-08-05,38,,25,150000,400000,,25,150000,400000,0,10/25/2023
19,Y41279527,1967-05-03,6,2500,,200000,400000,2500,,200000,400000,0,6/17/2023
5,Z92133020,1995-03-24,24,,20,100000,400000,,20,100000,400000,0,4/23/2023
14,E78385664,1964-10-10,6,,20,170000,570000,,20,170000,570000,0,10/30/2023
19,Y95646520,1971-04-10,14,,20,,910000,,20,,910000,0,9/19/2023
4,M97635235,1994-07-23,26,4000,,,150000,4000,,,150000,0,6/17/2023
17,K69120552,1960-12-05,3,,20,,300000,,20,,300000,0,9/26/2023
14,C58486613,1977-07-04,26,,20,,350000,,20,,350000,0,7/13/2023
16,U20871840,1983-09-17,6,,10,,100000,,10,,100000,0,2/14/2023
16,P9933471,1991-03-07,14,,10,635000,735000,,10,635000,735000,0,9/26/2023
15,J9298720,1958-12-23,6,,20,200000,650000,,20,200000,650000,0,1/19/2023
18,K47753042,1957-04-23,6,,30,150000,400000,,30,150000,400000,0,11/11/2023
7,A49581870,1995-06-03,10,1000,,,300000,1000,,,300000,0,11/25/2023
20,R32931179,1957-03-31,36,3000,,,180000,3000,,,180000,0,4/19/2023
13,O54604092,1954-06-21,12,,10,100000,300000,,10,100000,300000,0,5/21/2023
17,E74697400,1991-02-14,47,,20,60000,350000,,20,60000,350000,0,10/6/2023
20,M64547816,1982-05-11,26,,10,,300000,,10,,300000,0,8/16/2023
8,S37560224,1955-10-21,18,,15,30000,100000,,15,30000,100000,0,4/21/2023
12,I45898414,1993-11-02,12,,20,500000,790000,,20,500000,790000,0,2/26/2023
3,C53315021,1950-11-02,36,3500,,150000,550000,3500,,150000,550000,0,10/13/2023
7,P82476069,1978-12-12,2,,30,150000,500000,,30,150000,500000,0,6/9/2023
8,Q6203768,1987-05-14,12,2000,,,705000,2000,,,705000,0,8/22/2023
15,C38638343,1997-12-17,5,2000,,,500000,2000,,,500000,0,6/14/2023
11,W12238030,2008-08-11,14,1000,,30000,200000,1000,,30000,200000,0,9/7/2023
11,R47940259,1948-12-15,30,1000,,500000,500000,1000,,500000,500000,0,8/13/2023
2,W32153522,1997-06-28,45,,10,300000,715000,,10,300000,715000,0,6/7/2023
13,A69308106,1978-10-11,29,9000,,300000,600000,9000,,300000,600000,0,5/13/2023
6,I41546746,1978-02-19,36,3500,,150000,660000,3500,,150000,660000,0,2/27/2023
14,A57177818,2018-07-25,32,3000,,,715000,3000,,,715000,0,4/22/2023
7,T31451045,1948-04-19,32,,30,500000,500000,,30,500000,500000,0,1/20/2023
13,J12068239,1989-10-22,28,,20,300000,500000,,20,300000,500000,0,4/12/2023
6,A27941657,1991-03-23,34,3000,,,600000,3000,,,600000,0,4/21/2023
15,F13704160,2002-03-28,7,,20,50000,150000,,20,50000,150000,0,7/10/2023
7,E316195,1946-12-12,34,5000,,270000,270000,5000,,270000,270000,0,9/15/2023
3,N90073507,1975-09-10,39,1000,,,400000,1000,,,400000,0,7/31/2023
3,V73979135,2004-09-07,43,,20,,,,20,,,0,4/17/2023
8,J42697625,1987-02-28,22,3000,,100000,600000,3000,,100000,600000,0,1/28/2023
4,Y76365882,1989-12-22,2,,10,200000,550000,,10,200000,550000,0,7/31/2023
2,C30913132,1981-06-11,8,,20,,705000,,20,,705000,0,1/17/2023
8,M22073986,1987-11-12,25,,20,,450000,,20,,450000,0,9/12/2023
8,D16108288,1990-05-21,24,,20,30000,200000,,20,30000,200000,0,6/25/2023
9,P86826199,1959-12-30,42,4000,,95000,650000,4000,,95000,650000,0,5/8/2023
6,S80626475,1964-04-21,4,6000,,,750000,6000,,,750000,0,7/16/2023
20,L28971965,1986-09-19,47,3500,,,,3500,,,,0,1/9/2023
20,V65443772,1974-07-15,49,,20,,450000,,20,,450000,0,5/3/2023
3,M91941110,1986-06-26,39,3000,,,635000,3000,,,635000,0,2/9/2023
19,W15747273,1968-09-03,41,,20,,400000,,20,,400000,0,4/17/2023
7,R61395403,1986-09-10,10,5000,,50000,150000,5000,,50000,150000,0,6/4/2023
15,I84185204,1981-10-05,9,,20,175000,700000,,20,175000,700000,0,10/3/2023
5,D56780786,1954-06-17,34,4000,,,350000,4000,,,350000,1,11/26/2023
11,B17829566,1983-09-05,2,3000,,,500000,3000,,,500000,1,1/12/2023
16,M8565043,1952-07-21,1,2500,,70000,450000,2500,,70000,450000,1,11/20/2023
6,V46786397,1965-05-02,41,4000,,30000,200000,4000,,30000,200000,1,11/6/2023
9,C9652729,1970-05-25,26,,20,,400000,,20,,400000,1,8/4/2023
1,Z99908441,1957-03-18,45,,20,,705000,,20,,705000,1,11/18/2023
18,S32301226,1998-08-25,38,,10,,150000,,10,,150000,1,1/1/2023
18,L96209425,2006-04-27,5,2500,,100000,500000,2500,,100000,500000,1,1/16/2023
1,A70318795,1977-02-16,30,,20,,705000,,20,,705000,1,3/5/2023
10,X99348719,1955-12-30,36,,30,,705000,,30,,705000,1,9/13/2023
5,J407545,1981-07-29,45,,10,,400000,,10,,400000,1,11/27/2023
17,J76949704,1972-08-22,39,2400,,100000,400000,2400,,100000,400000,1,3/1/2023
8,H56221265,1945-11-22,36,3000,,75000,400000,,,,,1,9/13/2023
18,V76534687,1996-10-20,32,1500,,,560000,,,,,1,11/28/2023
10,X74040097,1990-12-08,2,,20,250000,685000,,,,,1,5/6/2023
2,G15503686,1951-11-09,47,2000,,,1200000,,,,,1,2/12/2023
13,B99921062,2003-04-01,4,,20,60000,275000,,,,,1,6/30/2023
12,W83854053,2004-05-27,30,,20,,350000,,,,,1,7/18/2023
10,C44765459,1961-01-22,43,6000,,30000,500000,,,,,1,5/28/2023
3,P75232311,2008-10-09,39,3500,,,300000,,,,,1,8/20/2023
5,Q35951253,1978-09-29,17,2500,,,800000,,,,,1,8/21/2023
15,W94429187,1990-04-24,18,2500,,75000,300000,,,,,1,5/18/2023
4,H42010496,1962-11-08,14,4000,,250000,500000,,,,,1,3/3/2023
9,R37573342,1975-03-06,29,,80,,150000,,,,,1,5/16/2023
5,Q40288965,1963-05-08,33,4000,,,150000,,,,,1,11/4/2023
17,R5048811,1963-09-29,38,3000,,,450000,,,,,1,7/6/2023
20,C56607156,1985-10-29,2,3000,,100000,400000,,,,,1,8/5/2023
17,D86555698,1996-06-14,4,3000,,250000,700000,,,,,1,3/17/2023
12,Q30648830,1962-12-14,1,4000,,25000,360000,,,,,1,2/19/2023
1,A52753255,2007-07-04,4,,30,50000,300000,,,,,1,9/6/2023
18,W51135356,1964-02-04,46,2500,,100000,400000,,,,,1,9/23/2023
2,G98568901,2009-09-24,5,4000,,,400000,,,,,1,2/10/2023
7,V60801087,1993-02-18,23,3000,,25000,225000,,,,,1,4/29/2023
10,D9526399,1997-10-13,17,,25,50000,250000,,,,,1,12/17/2023
18,B52767080,2006-08-24,17,,20,,300000,,,,,1,11/19/2023
3,P64340803,1960-07-06,6,2000,,400000,910000,,,,,1,4/16/2023
8,L67117470,2010-01-15,5,3000,,,705000,,,,,1,12/5/2023
11,Q44547443,1998-06-26,13,3000,,,400000,,,,,1,3/23/2023
20,X49314840,2002-12-21,18,,10,,750000,,,,,1,6/27/2023
3,S95076660,1954-05-01,8,,25,35000,100000,,,,,1,10/5/2023
3,N50548005,2003-03-12,17,,30,,400000,,,,,1,12/27/2023
1,K68455584,1985-01-30,23,,15,200000,200000,,,,,1,10/28/2023
14,N34187583,1970-12-05,2,10000,,,300000,,,,,1,2/3/2023
17,J89712732,1986-07-25,38,2500,,70000,600000,,,,,1,8/6/2023
14,F2231834,1975-04-02,12,,20,60000,325000,,,,,1,3/22/2023
10,C99080799,1982-02-17,48,,20,,225000,,,,,1,9/7/2023
12,Q70957221,1992-04-13,4,2000,,125000,600000,,,,,1,7/5/2023
6,S65237491,2007-06-22,1,,20,,910000,,,,,1,4/26/2023
19,G5945207,1977-01-26,8,,20,,500000,,,,,1,2/13/2023
8,Q13093786,2008-03-22,46,3000,,75000,300000,,,,,1,9/1/2023
4,F73238856,1968-10-22,25,2500,,15000,300000,,,,,1,1/18/2023
5,E77033594,1991-08-04,25,,20,15000,300000,,,,,1,11/12/2023
7,A75589747,1988-10-07,28,3000,,15000,300000,,,,,1,11/11/2023
17,M73028229,1995-08-15,21,3500,,,750000,,,,,1,10/5/2023
17,J20587878,1969-07-07,32,2500,,35000,210000,,,,,1,9/8/2023
5,M81193731,1977-04-01,30,3500,,,910000,,,,,1,8/19/2023
10,N10924131,1963-12-30,33,,20,,150000,,,,,1,5/11/2023
13,P44128516,1974-05-17,2,1500,,150000,300000,,,,,1,2/16/2023
15,R56117009,1995-05-24,23,7500,,,690000,,,,,1,4/15/2023
19,O15763466,1994-05-30,35,,20,15000,300000,,,,,1,9/17/2023
16,T79742303,1980-10-03,20,,20,100000,250000,,,,,1,5/10/2023
10,P40475990,1987-06-23,11,4000,,35000,200000,,,,,1,6/6/2023
19,W36536451,1983-04-02,19,1000,,50000,545000,,,,,1,2/22/2023
13,D2864215,2001-09-07,9,2500,,,400000,,,,,1,6/24/2023
10,F59701332,1964-07-14,28,,20,,400000,,,,,1,5/6/2023
4,B64846930,1962-10-16,15,2000,,75000,,,,,,1,4/28/2023
12,U30320267,1972-06-29,9,7000,,15000,200000,,,,,1,10/12/2023
9,D98649475,1957-10-01,17,,20,50000,430000,,,,,1,2/15/2023
11,O98002084,1982-07-02,20,,25,,,,,,,1,11/3/2023
7,O31755307,1992-10-14,10,3000,,75000,760000,,,,,1,1/6/2023
6,B84702083,1988-08-17,24,3500,,,300000,,,,,1,5/6/2023
15,I43047423,1965-12-26,40,3000,,35000,600000,,,,,1,5/26/2023
12,Z72125767,2001-05-25,15,,20,,400000,,,,,1,9/28/2023
18,X88133507,1990-09-29,2,,20,,585000,,,,,1,3/24/2023
9,Q7203288,1983-09-21,42,,20,,910000,,,,,1,12/1/2023
15,A86243019,1966-09-22,22,7000,,,150000,,,,,1,4/22/2023
4,X59829529,2001-07-16,11,,20,250000,500000,,,,,1,9/12/2023
10,P71104113,1986-02-27,41,2000,,70000,900000,,,,,1,8/21/2023
5,D32396809,1968-05-19,10,3000,,,735000,,,,,1,10/24/2023
15,A93852746,1995-08-02,12,,20,200000,400000,,,,,1,10/16/2023
5,T51604215,1971-10-10,22,,10,,550000,,,,,1,10/21/2023
15,V67295861,1991-09-01,49,3000,,150000,500000,,,,,1,2/22/2023
1,A69609613,1955-05-10,27,,20,,,,,,,1,3/15/2023
15,X57745089,1961-05-09,23,,20,175000,500000,,,,,1,11/19/2023
12,S63797394,1992-07-23,11,,30,,400000,,,,,1,6/11/2023
9,B63156930,1985-06-11,47,3400,,,150000,,,,,1,11/3/2023
15,U52267065,1970-11-27,7,,30,150000,450000,,,,,1,6/23/2023
11,N64459899,1987-08-07,18,,20,15000,300000,,,,,1,10/19/2023
20,Q35604815,1992-08-13,28,2500,,150000,500000,,,,,1,11/17/2023
19,I718663,1985-02-21,31,3600,,,200000,,,,,1,9/20/2023
14,P34582234,1992-01-31,28,2500,,,400000,,,,,1,5/7/2023
17,C98179748,1988-08-05,1,1500,,100000,600000,,,,,1,9/17/2023
6,N18133367,1972-01-08,47,2500,,,250000,,,,,1,12/23/2023
2,Z78262850,1996-04-27,39,2000,,,325000,,,,,1,5/30/2023
9,B6293325,1995-07-13,49,2000,,,340000,,,,,1,1/9/2023
11,G80206433,1980-12-26,7,2500,,,150000,,,,,1,11/19/2023
14,Q88738731,1957-07-08,0,5000,,,350000,,,,,1,6/26/2023
5,V60345705,1983-05-01,25,1000,,35000,600000,,,,,1,3/11/2023
7,N21152294,2011-06-08,26,3000,,,200000,,,,,1,10/8/2023
2,K71895705,1990-07-21,4,2500,,75000,300000,,,,,1,9/22/2023
9,G48840787,1972-09-29,7,,20,,300000,,,,,1,6/22/2023
4,J86631658,1971-09-07,37,,20,,910000,,,,,1,9/30/2023
9,K59867851,1984-12-01,3,,20,90000,300000,,,,,1,10/18/2023
8,J93003396,1964-12-08,26,2500,,,600000,,,,,1,3/9/2023
1,M88419945,2005-11-20,14,1500,,30000,300000,,,,,1,11/9/2023
14,A93990076,1990-09-11,12,,10,,400000,,,,,1,9/25/2023
9,X73205900,1955-03-12,6,5000,,,525000,,,,,1,8/18/2023
20,C32396035,1996-02-15,9,3000,,,300000,,,,,1,8/24/2023
11,V25397504,1986-12-08,43,,20,,475000,,,,,1,5/20/2023
20,P91308071,1980-01-11,31,2500,,,400000,,,,,1,4/19/2023
2,Z75950590,1979-05-07,25,,20,,400000,,,,,1,2/19/2023
2,P53079096,1976-03-20,4,3000,,300000,735000,,,,,1,1/14/2023
17,C53103168,1967-07-09,31,,20,,625000,,,,,1,2/16/2023
10,T51472468,1999-05-31,27,,10,75000,550000,,,,,1,3/6/2023
7,K87429085,1946-05-14,49,,20,50000,850000,,,,,1,12/7/2023
8,P18496007,1947-10-13,21,2000,,,600000,,,,,1,6/25/2023
6,D54032849,1967-11-29,28,4000,,,910000,,,,,1,5/10/2023
19,T9974114,1998-01-04,42,2000,,,600000,,,,,1,11/5/2023
1,K39303171,1967-07-07,4,,20,200000,800000,,,,,1,2/24/2023
11,F92051010,1980-03-02,2,,10,15000,300000,,,,,1,4/4/2023
15,L63099878,1968-05-11,49,,20,,150000,,,,,1,6/27/2023
11,X84587607,1993-09-20,24,,20,,485000,,,,,1,6/3/2023
15,X96330858,1972-01-17,13,2000,,150000,300000,,,,,1,5/19/2023
14,B86809057,1982-03-10,27,3000,,50000,150000,,,,,1,1/23/2023
19,I88582743,1997-12-21,25,,20,,635000,,,,,1,2/4/2023
10,F55579605,2001-11-08,4,,30,75000,400000,,,,,1,10/7/2023
4,T60801043,1968-10-15,46,,20,35000,600000,,,,,1,5/7/2023
5,H67325805,2001-10-05,15,1000,,125000,250000,,,,,1,1/25/2023
11,V23972494,1981-02-17,28,2500,,90000,300000,,,,,1,1/17/2023
8,O70898809,1937-09-15,15,4000,,,400000,,,,,1,4/18/2023
11,I56344422,2004-01-27,44,3000,,75000,450000,,,,,1,11/10/2023
14,W30560871,1980-04-02,34,8000,,,650000,,,,,1,2/11/2023
7,W8922922,2006-08-08,36,5000,,,300000,,,,,1,5/27/2023
14,W65800777,1961-12-07,27,,10,50000,300000,,,,,1,6/14/2023
5,B11823733,1959-09-02,33,3400,,150000,300000,,,,,1,8/18/2023
12,X17827480,1977-12-09,14,,20,,250000,,,,,1,10/4/2023
2,S22506658,1979-11-14,41,,20,,675000,,,,,1,3/11/2023
2,T11360664,1963-12-31,0,3500,,,50000,,,,,1,9/29/2023
2,K91006478,1966-07-29,18,2000,,,650000,,,,,1,12/12/2023
18,E34731589,1986-03-12,20,3000,,,625000,,,,,1,8/12/2023
14,O16980290,1997-02-06,25,,20,,910000,,,,,1,12/5/2023
15,X31327026,1992-05-05,16,2400,,100000,200000,,,,,1,7/23/2023
4,V38723234,1963-10-19,26,2500,,,870000,,,,,1,7/22/2023
8,M81053655,1981-10-10,38,2000,,,650000,,,,,1,6/19/2023
3,B25261651,2006-11-09,16,,20,80000,500000,,,,,1,9/8/2023
15,A51769832,1970-10-20,27,,10,,150000,,,,,1,7/24/2023
14,T39214686,2000-01-01,4,2000,,10000,90000,,,,,1,9/2/2023
16,C17526152,1973-11-05,33,,20,12100,121700,,,,,1,5/18/2023
4,Y322392,1987-07-10,6,1500,,,1410000,,,,,1,6/12/2023
5,X72975766,2002-07-05,46,,20,70000,350000,,,,,1,10/24/2023
10,G7370507,2014-04-13,47,,20,150000,550000,,,,,1,11/12/2023
10,L21459959,1969-08-22,17,,10,25000,350000,,,,,1,8/26/2023
13,V69698941,1984-04-24,41,,20,,850000,,,,,1,11/3/2023
7,P78043986,1982-09-02,36,2000,,300000,550000,,,,,1,1/9/2023
11,U58563217,1972-11-21,39,1000,,25000,150000,,,,,1,5/28/2023
7,A8172759,1998-10-21,27,3500,,100000,400000,,,,,1,3/8/2023
19,L13325025,1971-04-26,0,,20,,705000,,,,,1,7/29/2023
6,U17635435,1992-08-04,2,,20,,400000,,,,,1,6/11/2023
11,M27780119,1995-02-24,7,2500,,100000,700000,,,,,1,9/10/2023
7,B20172557,1987-07-24,39,,20,100000,300000,,,,,1,3/16/2023
5,G97888832,1997-12-18,37,,20,,150000,,,,,1,5/31/2023
8,S35328857,1990-01-18,37,3500,,500000,1500000,,,,,1,3/12/2023
2,W33756475,1980-02-23,15,,20,,705000,,,,,1,10/7/2023
11,M11049455,1981-10-22,37,3000,,,475000,,,,,1,11/3/2023
5,P25917960,1997-05-07,47,,10,,585000,,,,,1,5/2/2023
20,V23036609,1978-02-17,33,2500,,15000,402800,,,,,1,7/12/2023
18,K8813005,1990-11-25,1,,20,15000,300000,,,,,1,12/23/2023
19,Y76028802,1993-03-09,27,1000,,15000,300000,,,,,1,3/17/2023
2,O82795271,2008-01-03,40,,20,6000,121700,,,,,1,2/20/2023
4,E20933423,1963-07-23,11,8000,,,100000,,,,,1,9/25/2023
2,K40100892,1998-10-28,23,,30,500000,500000,,,,,1,10/13/2023
8,M6138844,1960-12-24,16,,10,,200000,,,,,1,1/5/2023
17,L89908794,1987-03-25,46,5000,,,910000,,,,,1,12/14/2023
15,U1351239,1997-03-22,21,5000,,,700000,,,,,1,11/10/2023
16,P92957342,1945-08-12,17,,20,,400000,,,,,1,12/14/2023
18,M67946008,1985-06-13,20,,20,,300000,,,,,1,10/9/2023
11,T97138758,1950-02-05,7,,10,,400000,,,,,1,1/17/2023
15,F1093209,1972-12-13,3,,30,150000,500000,,,,,1,6/24/2023
13,G12074895,1981-09-10,30,,20,15000,100000,,,,,1,9/8/2023
16,E35810926,1964-08-10,29,,20,300000,600000,,,,,1,9/25/2023
20,C72884931,1978-10-19,22,8000,,,400000,,,,,1,10/10/2023
12,W91620032,2006-07-06,46,,20,80000,300000,,,,,1,1/17/2023
20,T21187566,1970-05-24,45,3000,,,650000,,,,,1,9/27/2023
1,Q28618348,1963-01-03,36,,20,,375000,,,,,1,8/1/2023
10,L74837372,1989-08-30,39,3500,,,150000,,,,,1,12/3/2023
9,U1561720,1974-02-13,16,,20,,910000,,,,,1,2/11/2023
13,W66976965,1973-06-16,22,,20,50000,200000,,,,,1,3/10/2023
20,P27934054,1971-05-14,5,,20,,,,,,,1,11/20/2023
19,O9693684,2015-11-18,35,2000,,25000,200000,,,,,1,3/17/2023
16,U31007931,1981-07-28,0,,50,50000,200000,,,,,1,12/18/2023
5,I77901506,1988-10-23,19,2500,,,560000,,,,,1,6/18/2023
2,L79541883,1997-01-22,42,2500,,,900000,,,,,1,11/28/2023
7,R15025960,1978-10-20,43,,20,,735000,,,,,1,8/13/2023
18,R22029995,1975-08-25,21,1000,,,700000,,,,,1,9/14/2023
12,Z33651838,1995-11-01,48,2500,,300000,550000,,,,,1,1/9/2023
4,N5314029,2015-09-14,3,,20,150000,400000,,,,,1,2/15/2023
16,T21500496,1984-05-07,48,,20,100000,500000,,,,,1,1/26/2023
3,C74887745,1970-06-17,24,3000,,,910000,,,,,1,11/9/2023
8,R65935634,1997-08-05,37,3000,,300000,600000,,,,,1,5/14/2023
4,J77367704,1989-09-25,45,1500,,,1820000,,,,,1,5/10/2023
11,J78653410,1990-05-22,49,4500,,,150000,,,,,1,1/5/2023
18,K24374294,2003-11-09,42,3000,,,300000,,,,,1,12/27/2023
10,Y36294827,1974-04-19,34,2000,,50000,150000,,,,,1,2/23/2023
6,W31461304,1998-03-02,42,,10,,400000,,,,,1,12/7/2023
13,X52425304,1975-10-30,41,2500,,,705000,,,,,1,10/10/2023
14,A15751878,1968-07-23,1,,20,35000,600000,,,,,1,7/28/2023
8,F61658460,2006-01-12,37,2500,,,75000,,,,,1,11/11/2023
13,Y21583209,1950-10-08,29,3500,,25000,125000,,,,,1,7/19/2023
11,H27658073,2000-02-08,48,5000,,,715000,,,,,1,11/22/2023
3,D44731888,1997-05-19,17,2500,,,150000,,,,,1,7/25/2023
20,H83334262,1968-08-10,23,,30,30000,300000,,,,,1,11/15/2023
4,I42686326,1989-05-20,47,1500,,,,,,,,1,12/3/2023
17,R73757005,1954-11-18,14,2000,,,100000,,,,,1,3/9/2023
6,U50952213,1954-03-23,29,,10,,250000,,,,,1,10/27/2023
3,K142037,1954-03-23,35,2500,,,750000,,,,,1,7/8/2023
10,I73521512,2015-03-28,48,,10,170000,800000,,,,,1,7/2/2023
2,H56721294,1990-12-26,13,2500,,,330000,,,,,1,1/7/2023
2,W79405015,2002-10-01,25,,20,125000,175000,,,,,1,6/7/2023
8,N11392070,1962-01-19,37,,20,,100000,,,,,1,10/18/2023
11,O16522999,1978-06-05,2,,20,,250000,,,,,1,6/18/2023
19,E5746069,1995-08-19,45,,10,,,,,,,1,2/6/2023
3,Q49268092,1985-12-12,4,3000,,,300000,,,,,1,6/21/2023
18,M40411590,1992-11-01,30,2000,,50000,600000,,,,,1,5/5/2023
8,L36698951,2002-05-28,26,,20,,585000,,,,,1,6/16/2023
9,I67599094,1940-08-15,23,,20,30000,500000,,20,30000,500000,1,2/11/2023
13,X94592907,1993-07-12,43,,30,150000,450000,,30,150000,450000,1,8/9/2023
5,W34322468,1967-04-29,33,,10,45000,300000,,10,45000,300000,1,5/15/2023
6,N26480264,1997-05-13,42,3000,,15000,402800,3000,,15000,402800,1,3/29/2023
15,K6975257,1984-04-23,22,,20,70000,400000,,20,70000,400000,1,9/14/2023
16,G66302444,1971-11-05,10,3500,,200000,600000,3500,,200000,600000,1,2/15/2023
8,C60773274,1972-09-07,10,,30,,750000,,30,,750000,1,12/22/2023
20,U48480750,1987-03-13,27,3400,,,790000,3400,,,790000,1,4/30/2023
3,N36031946,1975-12-16,9,,20,750000,900000,,20,750000,900000,1,8/22/2023
18,P9951995,1972-10-17,7,2000,,200000,400000,2000,,200000,400000,1,8/14/2023
20,Z47328783,1989-10-19,42,,20,40000,200000,,20,40000,200000,1,5/14/2023
9,R33121818,1974-02-26,40,9000,,,635000,9000,,,635000,1,6/9/2023
12,U81308480,1953-12-20,28,,20,150000,610000,,20,150000,610000,1,6/12/2023
13,R58706020,1978-08-03,7,,20,,400000,,20,,400000,1,8/29/2023
6,S34220077,2009-09-30,39,2500,,,300000,2500,,,300000,1,7/26/2023
16,Q33074787,1968-02-24,48,1500,,200000,700000,1500,,200000,700000,1,2/11/2023
7,Z21232691,2001-09-21,23,3000,,35000,600000,3000,,35000,600000,1,6/24/2023
1,K5984195,1984-02-20,13,2500,,35000,600000,2500,,35000,600000,1,3/17/2023
18,A36158393,1965-11-17,21,,30,250000,500000,,30,250000,500000,1,9/23/2023
9,W61473947,1986-03-03,47,,20,,910000,,20,,910000,1,7/16/2023
16,B52417775,1976-10-01,41,2000,,,,2000,,,,1,2/21/2023
3,S47229768,1983-01-04,5,,20,200000,600000,,20,200000,600000,1,5/21/2023
5,X33915796,2009-07-14,35,,15,,165000,,15,,165000,1,6/20/2023
14,K65853496,1985-04-23,49,,20,,400000,,20,,400000,1,11/20/2023
1,Y67952584,1953-04-14,24,,20,15000,402800,,20,15000,402800,1,12/18/2023
6,E5253358,1985-03-23,1,2000,,160000,600000,2000,,160000,600000,1,7/6/2023
13,N41375816,1970-02-05,38,1000,,,705000,1000,,,705000,1,6/8/2023
18,N14761490,1993-09-15,16,,20,,650000,,20,,650000,1,12/24/2023
5,X55888406,1994-09-10,40,,20,50000,200000,,20,50000,200000,1,4/29/2023
8,B78605322,1975-08-06,33,3000,,,450000,3000,,,450000,1,12/21/2023
20,O18757202,1968-07-12,34,,50,,500000,,50,,500000,1,1/18/2023
5,Z99003895,1975-10-12,22,4000,,35000,600000,4000,,35000,600000,1,4/2/2023
11,N51125455,1969-11-17,1,,15,400000,710000,,15,400000,710000,1,11/12/2023
3,T77429807,2000-09-11,46,,20,300000,750000,,20,300000,750000,1,7/19/2023
12,Q27713881,1998-05-09,47,,40,500000,750000,,40,500000,750000,1,5/21/2023
10,F74471924,1980-07-19,49,1500,,80000,390000,1500,,80000,390000,1,2/28/2023
10,P98902093,1952-09-07,48,2000,,,790000,2000,,,790000,1,2/6/2023
13,S36253619,1986-05-19,11,2500,,60000,300000,2500,,60000,300000,1,6/1/2023
5,O49014276,1970-07-09,40,1500,,25000,250000,1500,,25000,250000,1,3/16/2023
9,M98505726,1954-08-25,20,,20,,157500,,20,,157500,1,4/27/2023
14,S13090002,1950-12-11,16,,20,200000,870000,,20,200000,870000,1,3/29/2023
11,S18163031,1982-07-03,17,,10,70000,200000,,10,70000,200000,1,10/15/2023
6,B8503074,1993-08-30,48,3000,,,600000,3000,,,600000,1,7/11/2023
5,N36747581,1972-04-11,22,2000,,,525000,2000,,,525000,1,7/4/2023
15,Z37498363,1949-08-10,9,3000,,80000,500000,3000,,80000,500000,1,1/12/2023
16,B49821651,1977-05-16,18,,30,,775000,,30,,775000,1,7/31/2023
13,V82048611,1952-09-16,29,,10,25000,250000,,10,25000,250000,1,6/11/2023
17,V42437737,1962-04-26,21,1500,,,910000,1500,,,910000,1,8/24/2023
9,X43390204,1975-06-23,44,,20,,350000,,20,,350000,1,4/17/2023
18,M51782485,1950-09-11,45,3000,,50000,430000,3000,,50000,430000,1,2/15/2023
12,Q75178966,1990-05-15,13,,20,50000,300000,,20,50000,300000,1,8/19/2023
19,R35105974,1968-09-30,44,3500,,750000,900000,3500,,750000,900000,1,8/26/2023
9,J21414030,1964-01-04,15,3000,,500000,1000000,3000,,500000,1000000,1,10/26/2023
7,J53547317,1979-09-03,40,,20,,200000,,20,,200000,1,2/16/2023
3,V98109906,1998-07-27,9,,10,,650000,,10,,650000,1,7/23/2023
11,T30612077,1998-07-27,46,7000,,,650000,7000,,,650000,1,9/2/2023
8,A51153860,1990-03-27,36,1000,,,650000,1000,,,650000,1,8/22/2023
8,V7826520,1955-07-09,49,3500,,200000,575000,3500,,200000,575000,1,7/16/2023
2,G81867796,1982-01-15,39,1000,,,585000,1000,,,585000,1,6/26/2023
15,A99488271,1977-12-11,31,,20,,470000,,20,,470000,1,11/20/2023
2,C56500798,1952-04-20,28,4000,,,300000,4000,,,300000,1,10/23/2023
19,W43452435,1991-01-30,49,2500,,,870000,2500,,,870000,1,11/27/2023
20,Z6210608,1987-01-18,9,,20,,340000,,20,,340000,1,4/11/2023
16,T55536826,2001-01-23,1,2000,,100000,800000,2000,,100000,800000,1,7/30/2023
18,Y80049258,1998-12-14,42,,25,,450000,,25,,450000,1,8/14/2023
4,I21399441,1995-11-10,33,2500,,,560000,2500,,,560000,1,4/5/2023
2,Q35050158,1996-11-19,3,3500,,20000,535000,3500,,20000,535000,1,5/14/2023
15,K1635874,1975-10-07,41,,20,200000,357500,,20,200000,357500,1,6/10/2023
3,W34720982,2000-03-17,42,,20,,450000,,20,,450000,1,7/29/2023
13,L83363846,1984-10-04,47,5000,,,350000,5000,,,350000,1,1/24/2023
20,V80078670,1978-05-21,21,,20,,125000,,20,,125000,1,6/11/2023
5,G84706638,1972-08-27,6,,20,18200,121700,,20,18200,121700,1,8/28/2023
18,J15819956,1964-11-08,49,,20,,150000,,20,,150000,1,7/12/2023
6,M7356690,1994-01-18,21,,10,110000,690000,,10,110000,690000,1,3/26/2023
3,P38302830,2000-12-24,40,1500,,250000,790000,1500,,250000,790000,1,2/24/2023
12,N36795136,1988-06-11,5,,20,,400000,,20,,400000,1,4/3/2023
8,M81721367,1976-10-12,31,,10,,450000,,10,,450000,1,2/12/2023
8,P9762661,1953-12-05,33,3000,,,650000,3000,,,650000,1,6/9/2023
16,K74188429,1978-10-31,14,5000,,,200000,5000,,,200000,1,7/28/2023
4,Z4221524,1955-12-09,13,3000,,,650000,3000,,,650000,1,7/13/2023
13,G36397711,1950-02-27,5,,20,,150000,,20,,150000,1,12/23/2023
3,Q58318144,1976-12-20,25,2500,,80000,585000,2500,,80000,585000,1,2/27/2023
5,T42118718,1967-11-04,45,,30,75000,400000,,30,75000,400000,1,5/2/2023
7,E91750193,1992-11-09,42,,20,,350000,,20,,350000,1,5/2/2023
19,W71985188,1972-03-10,38,2500,,,175000,2500,,,175000,1,6/6/2023
14,B85461635,1972-12-30,48,2500,,,910000,2500,,,910000,1,2/2/2023
16,W69869623,1996-01-15,49,,30,400000,400000,,30,400000,400000,1,11/8/2023
14,K73733738,1974-06-07,20,5000,,,750000,5000,,,750000,1,11/22/2023
9,R54593507,1986-06-14,2,4000,,,290000,4000,,,290000,1,9/11/2023
3,R16509554,1987-06-28,38,3000,,15000,300000,3000,,15000,300000,1,6/20/2023
8,D48804923,1998-08-27,6,7500,,75000,400000,7500,,75000,400000,1,11/3/2023
10,H49183931,1995-09-08,10,1000,,100000,600000,1000,,100000,600000,1,10/27/2023
13,A61562224,1977-02-14,41,4000,,,350000,4000,,,350000,1,6/29/2023
8,D52110654,1964-12-21,13,,15,75000,550000,,15,75000,550000,1,11/27/2023
17,M1494521,1979-03-29,33,3000,,50000,400000,3000,,50000,400000,1,12/10/2023
9,G42722816,2001-09-18,37,,10,,650000,,10,,650000,1,7/28/2023
3,C3366728,1983-05-28,9,,20,,340000,,20,,340000,1,6/18/2023
1,N69432094,1980-08-19,13,,20,,650000,,20,,650000,1,12/17/2023
1,X22458942,1963-04-14,29,1500,,,705000,1500,,,705000,1,6/16/2023
16,V78367068,1966-03-29,48,3500,,,400000,3500,,,400000,1,5/9/2023
6,P88377028,1992-04-24,44,2500,,250000,625000,2500,,250000,625000,1,11/15/2023
7,D31530350,1971-04-13,46,,20,130000,420000,,20,130000,420000,1,9/22/2023
4,C12743180,1974-09-05,3,3400,,25000,200000,3400,,25000,200000,1,2/8/2023
3,L78098715,1971-05-04,34,1000,,,705000,1000,,,705000,1,1/29/2023
8,C13672438,2013-07-02,5,,10,,470000,,10,,470000,1,2/3/2023
3,K19360045,2014-01-24,8,3000,,500000,1000000,3000,,500000,1000000,1,12/24/2023
4,E54022993,1989-11-12,49,,25,,125000,,25,,125000,1,2/22/2023
20,W62175370,1998-09-06,9,,20,250000,790000,,20,250000,790000,1,5/12/2023
14,F90115287,1996-01-10,14,5000,,90000,400000,5000,,90000,400000,1,7/30/2023
10,T25873854,1974-11-06,25,2000,,50000,300000,2000,,50000,300000,1,5/24/2023
19,P92946833,2006-07-03,18,3000,,,400000,3000,,,400000,1,7/29/2023
3,U53133090,1998-05-11,30,4500,,25000,300000,4500,,25000,300000,1,12/17/2023
4,R34886810,1981-11-30,43,3000,,300000,500000,3000,,300000,500000,1,7/12/2023
12,U76666602,1979-10-07,27,,20,,400000,,20,,400000,1,5/4/2023
18,Z31416451,1994-07-15,8,,20,,425000,,20,,425000,1,9/15/2023
3,G10434985,1998-07-02,40,,20,125000,450000,,20,125000,450000,1,5/29/2023
6,J89688292,2015-07-18,7,3500,,,550000,3500,,,550000,1,10/20/2023
20,R66616657,2012-10-12,8,4000,,,75000,4000,,,75000,1,8/22/2023
18,E43509390,1976-07-15,16,3000,,,705000,3000,,,705000,1,3/14/2023
10,E47718698,2018-02-15,4,,15,,150000,,15,,150000,1,8/19/2023
7,U47810652,1974-02-02,2,2000,,50000,250000,2000,,50000,250000,1,7/19/2023
9,E26977800,2007-01-17,7,4000,,250000,600000,4000,,250000,600000,1,6/1/2023
5,F64746422,2002-09-17,13,3000,,,150000,3000,,,150000,1,6/25/2023
8,G9595906,1988-04-18,47,,10,,150000,,10,,150000,1,9/9/2023
7,J98275538,1969-08-03,7,5000,,150000,500000,5000,,150000,500000,1,9/14/2023
4,T62374609,1983-02-11,42,,20,,850000,,20,,850000,1,10/24/2023
11,L24407085,2000-11-14,45,2500,,,705000,2500,,,705000,1,8/28/2023
13,Q9956919,1942-01-28,44,,20,100000,685000,,20,100000,685000,1,6/16/2023
9,Q20251087,1997-07-03,34,5000,,,705000,5000,,,705000,1,8/23/2023
9,T22154576,1968-01-10,16,1000,,15000,300000,1000,,15000,300000,1,1/29/2023
19,Q16596450,2003-08-02,48,,25,,705000,,25,,705000,1,1/8/2023
18,E58733559,1947-10-11,27,,20,40000,200000,,20,40000,200000,1,4/13/2023
12,K85945466,1952-05-02,38,8000,,,400000,8000,,,400000,1,5/17/2023
4,V95550024,1970-08-05,2,1500,,15000,300000,1500,,15000,300000,1,9/28/2023
7,G30766223,1996-12-19,43,,20,,350000,,20,,350000,1,12/3/2023
2,S29073401,1940-10-23,46,,10,30000,200000,,10,30000,200000,1,4/18/2023
8,C55181326,1970-06-04,49,,20,25000,,,20,25000,,1,12/27/2023
10,M45102945,1957-11-05,24,2500,,30000,300000,2500,,30000,300000,1,5/19/2023
4,F87393324,2003-07-02,9,,20,30000,200000,,20,30000,200000,1,1/2/2023
14,X41878516,2002-12-02,19,3000,,25000,150000,3000,,25000,150000,1,10/16/2023
11,B69854293,1972-09-19,35,,20,50000,250000,,20,50000,250000,1,8/13/2023
1,A17805940,1999-08-01,11,1500,,,500000,1500,,,500000,1,4/20/2023
16,O49519064,1984-05-14,5,,20,,125000,,20,,125000,1,9/20/2023
17,B69661844,1969-09-20,13,,20,,750000,,20,,750000,1,10/23/2023
5,U81478597,1983-12-21,18,3600,,,350000,3600,,,350000,1,9/9/2023
8,K98412307,1992-01-15,5,,20,500000,1000000,,20,500000,1000000,1,3/16/2023
1,D5852033,1980-08-17,17,,20,,500000,,20,,500000,1,10/8/2023
13,B86674323,1957-12-17,39,7000,,,750000,7000,,,750000,1,6/22/2023
13,T70023012,1942-11-24,31,2500,,,125000,2500,,,125000,1,3/23/2023
13,M94368479,1975-02-14,26,,20,30000,200000,,20,30000,200000,1,6/23/2023
14,A46137841,2014-09-05,41,2000,,50000,200000,2000,,50000,200000,1,2/5/2023
16,U17255890,1976-07-20,26,2000,,50000,350000,2000,,50000,350000,1,3/5/2023
6,S37240179,1973-06-29,48,1000,,55000,250000,1000,,55000,250000,1,8/16/2023
10,L66821878,1996-11-01,42,,20,125000,500000,,20,125000,500000,1,4/6/2023
14,F74498835,1967-10-20,8,6000,,150000,,6000,,150000,,1,4/9/2023
2,K59363476,1984-12-27,34,2500,,50000,200000,2500,,50000,200000,1,12/28/2023
9,R82692479,1995-03-13,3,,20,,250000,,20,,250000,1,10/27/2023
5,P47157339,2003-07-09,35,,15,100000,400000,,15,100000,400000,1,12/23/2023
6,H31446889,1997-09-08,33,5000,,,150000,5000,,,150000,1,6/7/2023
1,N85229152,2009-10-28,12,,10,75000,400000,,10,75000,400000,1,1/6/2023
7,Z95677563,1974-06-17,49,,30,,815000,,30,,815000,1,8/4/2023
6,Z3515238,1982-02-05,17,,20,,350000,,20,,350000,1,2/20/2023
15,L20272451,1982-03-02,22,,20,,650000,,20,,650000,1,4/15/2023
17,Y46101498,1985-06-23,23,,20,,705000,,20,,705000,1,5/9/2023
6,R21256652,1981-02-28,14,2000,,,500000,2000,,,500000,1,7/17/2023
9,Z46744413,1937-02-10,4,2000,,,600000,2000,,,600000,1,9/17/2023
4,J58512898,1974-11-24,15,,20,,690000,,20,,690000,1,6/25/2023
7,B33023367,1995-02-19,28,3000,,100000,450000,3000,,100000,450000,1,10/6/2023
18,M83588755,1992-05-08,22,3000,,,910000,3000,,,910000,1,8/20/2023
6,F90243034,2008-01-02,2,3500,,,275000,3500,,,275000,1,4/26/2023
15,C203391,1981-09-29,30,1500,,300000,685000,1500,,300000,685000,1,3/28/2023
5,Z70599151,2010-06-04,5,,10,30000,200000,,10,30000,200000,1,9/23/2023
14,N74773930,1994-09-13,31,1500,,,750000,1500,,,750000,1,1/7/2023
1,S3140537,1969-12-19,32,,20,,350000,,20,,350000,1,8/19/2023
13,R99613306,2007-08-11,21,,20,100000,400000,,20,100000,400000,1,4/9/2023
13,O45704663,2013-06-27,33,,20,,300000,,20,,300000,1,9/17/2023
11,N42408677,2014-12-23,49,,20,25000,250000,,20,25000,250000,1,9/1/2023
3,M21273755,1981-06-25,28,3500,,300000,500000,3500,,300000,500000,1,5/4/2023
18,R12171397,1966-07-18,24,5000,,,705000,5000,,,705000,1,12/5/2023
19,A98092781,1981-03-05,27,2500,,50000,250000,2500,,50000,250000,1,2/28/2023
7,E34056644,1967-05-13,7,2500,,300000,500000,2500,,300000,500000,1,7/7/2023
11,D5410348,1998-02-16,21,4000,,500000,635000,4000,,500000,635000,1,10/25/2023
2,X53282802,1982-03-26,45,1500,,50000,150000,1500,,50000,150000,1,11/24/2023
20,S24847963,1949-11-19,7,,20,,400000,,20,,400000,1,6/2/2023
12,G81837716,1997-07-16,4,2500,,,300000,2500,,,300000,1,11/4/2023
13,Y61172687,2005-11-08,6,,20,,,,20,,,1,7/13/2023
19,K60741015,1984-11-10,47,3000,,,,3000,,,,1,1/14/2023
4,R75642769,1974-01-03,42,,25,,1000000,,25,,1000000,1,5/25/2023
16,S35338655,1946-02-15,3,2000,,,500000,2000,,,500000,1,3/3/2023
1,L60115292,1988-03-26,8,,15,100000,350000,,15,100000,350000,1,10/11/2023
9,X31437960,1991-02-15,25,2000,,150000,300000,2000,,150000,300000,1,9/1/2023
3,C40749506,1968-09-01,22,7500,,,150000,7500,,,150000,1,5/2/2023
9,M76048384,1998-10-21,37,,20,,125000,,20,,125000,1,4/2/2023
7,Q26408960,1971-04-02,28,6000,,50000,350000,6000,,50000,350000,1,12/27/2023
17,V28075288,1973-06-12,17,,10,,600000,,10,,600000,1,3/19/2023
5,F58760127,2016-01-29,8,,20,,790000,,20,,790000,1,5/1/2023
1,U71521073,1999-05-30,11,,20,,300000,,20,,300000,1,8/21/2023
4,K78584725,1975-04-22,27,1500,,200000,400000,1500,,200000,400000,1,5/5/2023
14,C76580003,1985-06-29,31,,20,400000,400000,,20,400000,400000,1,12/30/2023
8,P95967502,1992-10-15,18,,10,,,,10,,,1,10/3/2023