member_dob,member_id,copayment,coinsurance,deductible,oop_max
1978-08-03,I83735619,2000,,80000,300000
1991-06-18,W62192373,,10,,300000
1986-12-10,D1763635,3000,,25000,75000
1985-01-12,J68441196,,20,30000,100000
1979-05-05,B3648925,3600,,30000,150000
1990-09-11,K66741051,,20,120000,375000
1982-11-01,N92567059,,20,50000,290000
1983-04-12,C62457856,,20,120000,250000
1999-05-29,E39489165,,10,50000,200000
1976-06-08,J42943071,2500,,,350000
1959-03-25,T7224512,4000,,,200000
1953-10-06,F32115446,2500,,500000,750000
1984-07-27,X24497885,2000,,25000,225000
1987-11-30,G17192148,,20,,250000
1956-04-24,U34295791,,20,,300000
1990-05-08,Q30641164,7500,,,705000
1966-07-22,K37297510,5000,,,550000
1987-03-23,Q87321384,2500,,400000,715000
1962-11-04,M13414095,2500,,50000,430000
1953-07-22,D9296376,,10,,375000
1984-12-07,G32290376,,20,50000,200000
1988-09-16,X18952303,,10,50000,350000
1997-06-26,F57082159,2500,,50000,250000
1996-12-17,U44820017,,10,20000,150000
1994-09-16,W4902733,,10,30000,300000
2000-02-17,N63895912,4000,,,200000
1961-03-15,R52039915,,10,,240000
1972-02-03,Q99275571,,10,150000,400000
2015-03-27,K62376854,,20,,350000
1987-08-14,I2558878,,20,50000,850000
1984-01-16,L73406821,2000,,40000,350000
1982-02-17,B76754723,1000,,60000,290000
1991-12-05,O95814351,,20,50000,250000
2009-08-26,P37307955,,20,,750000
1994-10-08,T69801956,,20,,600000
1980-05-23,B66390849,1000,,50000,550000
1965-12-04,P74173855,,20,,175000
2005-12-28,V88745784,3600,,,1000000
1969-06-20,N2645045,,30,,1470000
1963-10-02,T86135427,3000,,,150000
1984-11-23,N5926149,,20,,
1968-07-17,T71851217,1000,,,600000
1980-05-27,N47841500,,20,100000,300000
2004-07-08,A66750516,,20,,300000
1974-09-10,N39069901,3000,,15000,300000
2001-09-21,F53937238,,20,30000,200000
1976-01-06,P93054624,,20,,200000
1975-06-01,B40470429,,20,450000,800000
2008-11-03,C95211128,2000,,,125000
1987-05-14,D21379655,2000,,100000,350000
1973-05-24,K88768110,1000,,200000,1200000
1988-03-04,T23785722,5000,,25000,150000
1975-07-23,V58409490,,20,350000,1000000
1994-09-27,J7069670,5000,,,150000
1987-06-04,G36341926,,20,,
2000-01-20,L8802609,,50,25000,400000
1993-06-03,S64494572,,15,,705000
1981-12-23,I55543430,2500,,150000,600000
1979-10-16,D21264744,3000,,100000,300000
1968-06-23,L2630963,,20,75000,225000
1985-03-15,F61555241,,20,40000,350000
2001-06-18,U27741743,5000,,,
1985-05-24,J24806043,,20,150000,800000
1998-07-14,N79253985,,10,35000,200000
2005-07-06,L37305244,,20,,715000
1993-10-27,G72353000,,20,200000,700000
1971-02-01,O72270962,,20,,150000
1977-11-04,Q33332702,3000,,,870000
1974-02-06,P34028142,,20,,650000
1979-05-20,E15692511,,20,,200000
1992-03-24,I1061095,,20,200000,500000
1993-10-16,T50398393,,20,,400000
1974-01-18,A96804712,,20,300000,500000
2001-03-19,C47071328,3000,,20000,150000
1990-08-27,Q56744292,1000,,,250000
1995-03-05,N32886096,,20,,890000
1980-10-23,Y25725950,4500,,,550000
1971-07-15,N1607688,3000,,75000,610000
1980-10-31,M50336636,,30,300000,715000
2002-09-26,X46462287,5000,,,300000
1999-11-05,L27794791,,10,,700000
1948-02-19,Z67434225,,20,50000,250000
1953-04-08,R34999701,,20,,600000
1991-11-24,O76099883,,20,25000,250000
1975-10-15,C89219681,,20,400000,650000
2002-03-20,W69254043,,20,75000,600000
1991-03-28,R85356201,,20,15000,300000
1987-08-24,J6353682,3600,,,450000
1991-11-19,E13803115,,20,,850000
1969-08-01,Q5198805,2000,,,375000
1967-02-03,T87627203,2000,,,650000
1962-02-21,V65289366,,20,50000,250000
1972-03-11,F98128261,1500,,,550000
2004-12-10,R38941931,2500,,,705000
1982-01-29,L73793967,3000,,,350000
1954-02-24,B96519199,3000,,,650000
2013-01-15,Z39246833,,20,,300000
1966-09-22,X74020074,,50,,650000
1991-07-15,G57987587,,20,30000,200000
1971-02-03,K48797529,2500,,100000,600000
2009-09-15,E95571274,3000,,,500000
2015-09-28,Y62315941,,20,30000,300000
1955-01-29,H58309537,,20,300000,600000
1974-06-13,I97629245,2000,,250000,650000
2012-02-03,F46674435,6000,,,400000
1999-07-14,H23655647,3500,,550000,1370000
1986-05-09,Z12286258,2400,,400000,800000
1979-12-13,Y38344285,,20,15000,402800
2011-08-05,W22699846,,20,300000,350000
1996-10-11,W78473671,,10,60000,735000
1985-10-19,H19160875,,20,50000,200000
1973-07-15,L15091333,,40,,250000
1976-01-06,V99085691,,20,80000,300000
1966-08-01,B20498579,,10,55000,510000
1997-05-10,X67225232,,15,,600000
1971-05-01,G75203844,,20,200000,500000
1985-11-30,G77305657,,20,,
1970-09-26,B81412622,4000,,,75000
2001-10-12,R29395318,,20,40000,200000
1985-09-21,Y63391494,3500,,,150000
1970-02-17,Z97329727,4500,,15000,300000
1992-09-01,T64438325,2000,,50000,200000
1985-09-12,Q35233224,,20,800000,800000
1983-09-16,O95210203,,25,,705000
1993-01-05,E52508080,,20,,180000
1980-06-02,T48805228,,20,,300000
1977-07-13,T52618767,2500,,50000,715000
1994-08-08,Q74263844,,20,,910000
1988-05-04,Z2581218,,10,150000,1200000
1968-08-13,Y92049837,,30,,700000
1992-02-02,R37273885,,20,600000,855000
1964-05-18,J42590764,3000,,,
1986-07-04,B5519428,,20,50000,310000
1955-10-05,H82102006,,20,40000,200000
1961-01-06,I33342958,,20,75000,300000
1994-02-02,S78688260,4000,,,650000
2003-11-11,B13894717,,10,,350000
1980-06-02,R16110767,,20,,390000
1982-08-31,K33232146,1500,,,870000
1992-03-26,U82628087,,30,,
1968-05-27,R6488344,2500,,25000,100000
1978-10-21,H7962827,,20,25000,100000
2001-04-01,J29910891,,10,,200000
1972-12-13,Y12716191,,20,,
2015-06-02,T50837086,,20,,150000
1993-01-02,Y51446800,2500,,,815000
1999-03-13,O19878705,,20,100000,500000
1969-02-16,E63149739,1000,,,400000
1993-09-16,F17421316,,20,30000,200000
1957-01-14,V91016317,,20,,350000
1988-01-29,Q40000359,,10,50000,430000
1969-06-11,P97124585,,20,60000,240000
1991-09-10,P91198087,,10,150000,600000
2000-06-06,T77105134,,10,10000,100000
1998-07-01,R46412619,,20,300000,700000
1943-05-12,U74846307,,25,125000,500000
1995-06-15,S51182297,,20,300000,600000
1972-09-15,S7947381,7500,,100000,400000
1984-11-07,Z68705620,5000,,,400000
1997-12-21,F40897939,,10,,600000
1962-10-31,Q13779062,,10,150000,400000
1998-10-29,U84856047,,20,,500000
1984-03-11,F97582044,2500,,,390000
1981-09-20,J60417502,2500,,150000,550000
1969-07-24,B60570472,1000,,6000,121700
1970-07-13,X32912852,2500,,,465000
2012-06-30,A89197188,,10,,
2006-03-17,V18538493,,20,,635000
1954-02-16,P96259764,5000,,50000,300000
1988-08-11,Y64022619,7000,,75000,300000
1976-12-02,A94383078,,20,,650000
1989-02-09,T22546412,,25,,750000
1964-05-06,W7476145,5000,,17500,275000
1953-11-17,H84285269,3500,,,400000
1969-01-15,L45959738,1000,,75000,300000
1964-10-26,J71204522,2500,,,1800000
1977-06-07,E18143297,2000,,,400000
1974-04-15,R72638569,5000,,125000,375000
1966-07-29,E62336739,1000,,35000,600000
1965-02-17,N80701867,2500,,,
2001-02-14,C62114743,,10,,
1987-02-17,A82724768,2000,,,100000
2009-11-23,I50608159,2500,,,150000
1998-02-27,L81676778,,20,6000,121700
1961-07-31,N18779190,2500,,,600000
1987-01-20,S44934213,3000,,25000,200000
1987-04-17,U17344073,2000,,,150000
1991-09-07,V26768921,5000,,400000,600000
2016-09-06,V82338950,3500,,200000,1350000
1976-01-01,Z70579115,2500,,,200000
1999-08-09,Q20281709,2500,,,
1952-01-15,K73153036,2500,,90000,730000
1993-11-01,Y60464594,,20,180000,360000
1969-06-30,A85150554,,20,,910000
1987-02-14,B19119376,,20,200000,400000
1973-11-19,V29507491,2000,,150000,665000
1991-05-04,H23028961,1000,,125000,600000
2003-02-03,E42611856,,20,,300000
1978-06-26,I8616312,,15,200000,500000
2000-04-09,N81870781,,20,30000,300000
1988-09-02,B46623607,,20,40000,250000
1961-11-21,C97681491,,10,,675000
1992-03-11,X42201554,5000,,,640000
1983-02-12,Q37839085,,20,185000,500000
1985-09-10,L25560880,,20,,150000
1990-06-02,N38058580,2400,,,390000
1981-06-22,R79294972,,50,18200,426200
2004-07-06,M53558016,3000,,150000,300000
1978-06-08,B45064708,,20,50000,200000
1996-06-17,Z3544160,1000,,300000,350000
1977-05-06,C14543588,2000,,25000,300000
1975-03-28,A32961678,1000,,,715000
1970-01-23,T37353215,,20,,750000
1983-07-07,Q44011329,,20,30000,200000
1976-02-27,P72176302,3000,,35000,400000
1971-10-01,I13712179,,20,250000,650000
1995-10-31,A66316340,,20,,350000
1972-09-16,I93177392,3400,,,390000
1993-03-11,H73680149,,20,250000,550000
1998-07-13,Y79292695,,20,100000,450000
1989-07-29,D11491519,,10,,475000
1961-05-20,S60131125,2000,,,150000
1975-12-11,M12001212,,10,,390000
1964-10-10,N61707218,,20,,240000
1996-12-01,X47040606,,20,,910000
2004-12-20,B65568304,2000,,,150000
1980-11-22,X90473321,1000,,,705000
1969-03-12,R24240141,,20,,1180000
1945-07-21,T36431142,,20,200000,400000
1974-05-03,V74688605,,10,,350000
1987-06-22,R9677669,,20,100000,685000
1991-04-11,D38728753,2000,,,705000
1989-12-19,P88525081,4500,,15000,300000
1982-11-03,I3707006,,10,,400000
2007-10-15,D10436451,3000,,,200000
1963-06-01,I96801835,,20,50000,150000
1991-10-24,J45778125,,20,70000,570000
1975-10-05,X1932811,4000,,150000,300000
1956-12-24,I6143647,5000,,30000,300000
1988-04-08,Q19537398,,20,,910000
1977-05-20,U252767,3500,,,500000
1949-04-03,W36369441,1500,,50000,300000
1976-10-06,P62636128,,10,50000,300000
2004-07-30,U54992788,7000,,200000,700000
1992-07-02,X58148198,,20,,250000
1982-12-30,M30788080,,10,,450000
2000-08-28,M8808130,,20,150000,350000
1955-07-19,T78060182,,15,100000,500000
1985-04-01,B98550162,,20,240000,470000
1996-04-15,X36228346,,20,,870000
1981-11-30,O86172290,3000,,,300000
1988-10-03,M32100685,,20,50000,350000
1943-10-31,N97103924,,20,,690000
1986-03-17,U34879071,1500,,225000,345000
1960-03-29,A70570309,4000,,,125000
1976-11-06,L76810101,3000,,60000,260000
1989-03-26,F10313454,3500,,,815000
1966-09-18,G4292341,5500,,50000,225000
1990-08-23,A24236443,2000,,200000,685000
1959-04-16,I31769513,,10,200000,400000
1970-01-14,Q41169950,4500,,60000,170000
1949-10-16,Y93883915,,20,,75000
1943-06-13,R61416852,3000,,,250000
1973-06-15,S30133813,,10,,400000
1981-08-04,J31812843,1500,,50000,310000
1950-12-24,V90673138,2500,,,635000
1963-04-12,N35748022,2000,,,200000
1987-06-03,N21911295,,30,30000,200000
2007-08-14,Y53926391,,20,,450000
1964-08-04,K76215490,2500,,500000,1000000
1987-12-23,Y82597324,,20,,150000
2002-10-21,U91287430,2500,,95000,650000
1980-08-31,I92574993,,10,,300000
1973-09-09,R1680879,3000,,30000,200000
1978-06-16,J74568863,3000,,,200000
1975-07-25,L77445966,,20,50000,300000
2009-05-27,W44180347,2000,,100000,300000
1977-06-06,C33030816,,20,,635000
1967-09-26,V73377734,,20,,150000
1994-05-27,P13340456,,30,300000,600000
1995-01-20,D74343591,4000,,15000,300000
1994-09-18,J43247597,,20,,300000
1973-05-19,C86295810,,20,,705000
1968-08-01,P21869362,3500,,40000,300000
1983-05-27,H6215525,,20,15000,300000
1960-06-29,L53568589,1000,,,250000
1971-09-09,T60372191,1000,,35000,600000
1999-11-18,Q33907839,2500,,30000,300000
1976-05-24,M35118059,3000,,55000,415000
1941-05-25,S50678804,,40,30000,815000
1994-04-12,Y72631434,,10,,600000
2000-05-15,O17649339,,20,150000,830000
1998-01-07,W90120010,,20,,300000
1991-03-20,X31814817,,20,125000,500000
1980-08-28,H99452696,,20,100000,300000
1999-05-25,P33710151,7000,,300000,500000
1947-07-16,D88270362,2000,,,300000
1962-08-29,W54733206,,20,,150000
1969-04-19,U73332899,,20,,200000
1975-12-08,V55450014,2500,,400000,1200000
2011-02-09,E52192137,,20,,
1991-02-15,W94496609,,20,,200000
1954-02-02,X60237065,1500,,,200000
1079-05-14,G18961903,5000,,100000,1060000
1974-10-01,A86739960,,20,30000,300000
1963-08-01,Z34030535,5000,,,635000
1962-01-08,C15738927,5000,,,150000
1984-04-01,X92184143,,20,150000,200000
1979-08-13,R35424506,7000,,,
2007-02-07,V40404060,,10,100000,500000
1965-10-23,R3154953,2000,,,275000
1956-09-13,H77587960,,20,30000,200000
1959-10-24,M62306878,,20,60000,300000
1966-07-28,Z3787509,2400,,,400000
1976-11-30,F81874905,2500,,300000,600000
1999-09-20,H87893597,,20,100000,400000
1985-08-13,T30066119,4500,,70000,100000
1976-02-16,M41040286,1000,,,
1991-09-30,U99092040,2000,,,650000
1978-11-25,U59268110,2500,,,400000
1998-01-19,P69942909,3500,,,650000
1962-01-08,E90881928,,30,,750000
1983-05-09,R43136117,,20,,500000
1985-01-20,J91457997,,10,,690000
1967-07-10,H64262635,2500,,75000,305000
1977-10-30,D52599569,,20,600000,1320000
1988-08-01,K41612300,1500,,150000,300000
1980-07-29,S29309742,,20,,
1980-04-17,S87240920,4000,,,
1968-03-08,O45244877,,20,,
1981-06-20,A12549092,,10,,300000
1994-08-09,N25131446,5000,,,200000
1981-07-06,E74774748,,20,,390000
1998-06-25,E89273633,,20,75000,325000
1966-05-15,W1758430,,25,,705000
2000-01-26,T46348640,3500,,,800000
1970-02-10,O18922314,2500,,,300000
1998-03-14,L37581067,,10,150000,400000
1972-11-10,N64611076,,20,,150000
1958-10-18,H17907402,,50,,705000
1978-11-03,Q7774708,3000,,70000,400000
1979-05-19,P7886047,5000,,6000,121700
2000-06-29,N75430387,3000,,400000,625000
1976-02-16,O13877933,,20,,450000
1988-03-29,M56422590,2000,,125000,660000
1986-04-24,M93417298,4500,,100000,200000
1995-01-26,F72707648,2500,,25000,300000
2010-11-16,E37711673,3000,,,100000
2001-04-05,O99720944,2500,,25000,350000
1979-12-19,Z53854735,,10,,150000
1972-10-10,C73342049,,20,,855000
2017-02-08,B55605137,,20,90000,450000
1998-12-26,K42555052,2000,,35000,600000
1988-09-08,Y13479041,3000,,,600000
2004-11-01,F14108438,3000,,,150000
1995-05-08,Y72423531,3000,,75000,600000
2009-04-05,H88310830,2500,,125000,450000
1998-08-11,H18482643,,40,350000,700000
1980-10-23,A3556007,,10,300000,600000
1957-11-02,A64637337,4000,,600000,1470000
1970-12-16,D91252614,,30,15000,300000
1991-12-03,W30395159,,20,,910000
1993-01-14,G92540982,5000,,100000,200000
1995-07-09,Q9724951,,15,300000,600000
1970-12-10,T3511563,,20,125000,600000
1978-08-20,W57576503,4500,,,620000
1997-04-02,X96596487,2000,,50000,150000
1990-11-05,E76494501,,20,500000,635000
1998-02-05,V12387758,,50,,400000
1996-10-10,U51730730,,10,,240000
1965-06-15,E28342694,,20,,450000
2001-04-26,U65777993,2000,,350000,630000
1992-09-09,U88669177,3600,,,705000
1989-01-18,V21393740,4000,,,705000
1972-05-24,X23140377,3500,,,790000
1958-06-01,I15950899,4000,,,250000
1980-01-10,B91670606,2500,,,400000
1975-07-15,S39348020,,20,300000,600000
1988-09-17,A66190985,,20,,910000
1990-05-02,M12730284,,20,150000,600000
2000-03-13,B1695676,,50,35000,100000
1999-04-06,H45917484,,20,,300000
1954-01-25,Y54286403,,25,,500000
2001-07-03,R67704664,,20,150000,300000
2000-10-07,T75625105,,20,400000,400000
1998-03-29,X75095572,3000,,,910000
1991-10-08,X50411469,2500,,300000,550000
1982-02-16,M55048638,4000,,30000,402800
1974-04-18,B46334286,2000,,,350000
1998-07-14,V55459734,3600,,40000,400000
1991-11-21,Z14402416,,20,,150000
1963-11-27,W20875481,2000,,400000,400000
1948-09-22,K11643357,2000,,400000,400000
1995-12-30,K62825406,9000,,50000,250000
1962-03-24,P17864332,2500,,635000,735000
1991-12-11,P4680800,3000,,100000,250000
1978-01-27,M83502850,,20,,400000
1986-05-31,H26592622,5500,,100000,350000
1996-03-27,I76550801,,30,30000,400000
1992-05-12,S37330376,,20,,500000
1978-04-10,X93118070,,20,240000,800000
1971-03-26,Q16738368,3000,,,125000
1973-08-03,Q58408800,,20,150000,500000
1975-08-28,R5045316,,10,,705000
1973-05-21,D72715326,3000,,100000,300000
1964-11-19,K63407818,2500,,,775000
1993-01-16,R50492026,,15,50000,550000
1984-09-23,Q93837660,,10,,705000
1978-08-03,F59653119,2000,,,525000
1968-02-24,V86057581,,25,50000,250000
1984-09-06,K92945743,2000,,,790000
2000-09-22,Y53849527,,20,,635000
1956-06-05,W93581432,1500,,,300000
1988-08-06,W34104051,,20,6000,121700
1997-10-18,H13266300,,20,,910000
1978-04-26,C48048978,2500,,,450000
1970-09-10,F2352243,,30,6000,121700
1991-09-04,F66030040,,20,,390000
1997-08-22,X19038415,2000,,180000,1000000
2003-11-10,H74735677,,10,25000,300000
1986-01-30,C97384388,2000,,100000,625000
2000-02-02,F18902760,2500,,,400000
1974-01-06,D32353374,2500,,,300000
1994-04-11,O78309494,2500,,25000,225000
1977-03-08,O24185876,3600,,,200000
1969-05-31,M45256323,,20,60000,350000
2010-04-06,V74111282,,20,300000,
1985-05-13,J87755172,,20,30000,200000
1971-11-30,M38736822,,20,500000,715000
1959-07-12,I19291869,,20,,200000
1974-11-03,T31410438,1500,,100000,300000
1991-11-10,M47296190,,20,30000,200000
2003-03-16,U5436085,4500,,150000,750000
1988-04-08,O39348428,,30,30000,400000
1996-03-15,W66227024,5000,,50000,715000
1999-05-18,C28670937,,20,100000,300000
1971-08-05,F37314758,3500,,,450000
1977-02-16,N78597686,4000,,75000,300000
1969-07-31,M48588179,3000,,,450000
1978-05-07,P39484309,,20,100000,550000
1980-02-20,F24219639,,20,,705000
1969-06-06,Y60915726,2500,,100000,
1995-04-01,N22441623,,10,30000,400000
1971-05-31,T67087909,,20,250000,650000
1995-07-15,B19669766,,20,,575000
1992-11-30,F63884923,3000,,150000,550000
1981-04-06,H37424933,,50,50000,540000
1973-02-22,S22441895,4000,,15000,300000
1996-09-17,F82089215,1500,,250000,655000
1958-08-14,K75879062,,10,150000,400000
1994-08-08,L4737597,,20,100000,500000
1940-03-02,K73411665,,20,,910000
1976-10-09,M91119209,3000,,80000,350000
1949-06-30,P59184858,,20,,650000
1995-11-27,S60318984,,20,,705000
1970-01-20,M81952482,,20,25000,175000
1953-08-31,H84712712,5000,,,705000
1991-03-05,U96112958,,15,,150000
1992-04-18,T43535346,3000,,,
1951-07-07,H84635153,2000,,170000,487500
1985-11-12,N87714629,,10,100000,400000
1985-10-26,I20051592,2000,,,690000
1996-06-12,O24578975,1000,,100000,600000
2002-03-13,Q80965904,,20,300000,
2005-05-27,Q27630699,2000,,75000,350000
1996-11-25,S58415950,4000,,50000,200000
1958-09-30,W38782639,,10,60000,300000
1969-09-10,C18953570,3000,,,910000
1951-09-29,I58288265,2500,,80000,300000
1966-01-06,O39446462,,10,100000,600000
1953-04-24,D11052444,,20,150000,500000
1966-11-20,I92377217,4000,,,705000
1981-06-05,H37091987,,15,,910000
2012-04-02,F39809055,2500,,,200000
2003-06-05,F78622206,3000,,,150000
1967-04-04,H89207346,,15,25000,75000
1986-08-19,S26577677,,20,25000,75000
1995-09-27,X74950559,2500,,,150000
1975-04-23,P45332499,,20,300000,790000
1955-01-18,W55633762,3000,,350000,410000
1953-06-11,S15967325,1000,,,750000
1977-04-07,E59162354,,20,,900000
1982-11-17,M25637475,2400,,10000,200000
1984-05-04,U65153273,,15,,350000
2003-04-16,L83428505,5000,,,300000
1958-08-25,X87305384,,10,,620000
1992-07-16,X61542601,,20,500000,700000
1988-02-12,W7170336,,20,100000,500000
1983-12-11,H44741219,1500,,100000,600000
2017-08-05,P15149701,3500,,,200000
1979-10-03,Q20676420,3000,,450000,660000
1950-08-11,Y34563738,,10,50000,300000
1996-01-03,P59075360,,20,,600000
2010-08-05,F40281609,,20,150000,450000
1966-04-23,N8699479,,20,,475000
1995-03-27,F34672506,,15,50000,400000
1995-04-19,E87581883,,20,,200000
1947-05-13,A10531571,3000,,,450000
1985-06-08,T54253535,,10,,400000
1973-10-17,K13154096,1000,,50000,350000
1995-03-24,E25500825,,20,,300000
1943-01-27,C11875992,,20,,525000
1958-05-17,B49654171,,20,85000,360000
1969-11-06,R5168043,,10,,150000
1991-03-04,R53489304,,20,100000,400000
1999-03-05,Q12766008,3000,,100000,500000
2000-03-28,K55529947,,25,,150000
2011-06-19,I53338164,2000,,100000,300000
1978-06-01,I78872596,3400,,125000,660000
1955-05-26,H66836390,5000,,105000,300000
1990-04-30,T2611195,,10,80000,585000
1996-08-18,U16946462,2500,,,815000
2007-01-11,J62521448,2500,,200000,650000
1991-06-16,H947721,3000,,200000,685000
1972-08-12,U48871630,500,,125000,430000
1978-02-03,Y1811836,,20,100000,450000
1957-12-27,S52058732,,10,120000,250000
1975-07-06,P40514918,,20,170000,800000
1986-08-12,G75225828,3000,,15000,100000
1989-07-09,U25306725,,20,25000,150000
1994-07-27,R67098568,,15,30000,200000
1960-06-25,K49075293,2500,,50000,300000
1964-05-27,N27985771,,50,,400000
1980-06-23,A55964829,2500,,,705000
1999-04-01,G7221046,3000,,600000,840000
1957-08-05,B84049212,,25,150000,400000
1967-05-03,Y41279527,2500,,200000,400000
1995-03-24,Z92133020,,20,100000,400000
1964-10-10,E78385664,,20,170000,570000
1971-04-10,Y95646520,,20,,910000
1994-07-23,M97635235,4000,,,150000
1960-12-05,K69120552,,20,,300000
1977-07-04,C58486613,,20,,350000
1983-09-17,U20871840,,10,,100000
1991-03-07,P9933471,,10,635000,735000
1958-12-23,J9298720,,20,200000,650000
1957-04-23,K47753042,,30,150000,400000
1995-06-03,A49581870,1000,,,300000
1957-03-31,R32931179,3000,,,180000
1954-06-21,O54604092,,10,100000,300000
1991-02-14,E74697400,,20,60000,350000
1982-05-11,M64547816,,10,,300000
1955-10-21,S37560224,,15,30000,100000
1993-11-02,I45898414,,20,500000,790000
1950-11-02,C53315021,3500,,150000,550000
1978-12-12,P82476069,,30,150000,500000
1987-05-14,Q6203768,2000,,,705000
1997-12-17,C38638343,2000,,,500000
2008-08-11,W12238030,1000,,30000,200000
1948-12-15,R47940259,1000,,500000,500000
1997-06-28,W32153522,,10,300000,715000
1978-10-11,A69308106,9000,,300000,600000
1978-02-19,I41546746,3500,,150000,660000
2018-07-25,A57177818,3000,,,715000
1948-04-19,T31451045,,30,500000,500000
1989-10-22,J12068239,,20,300000,500000
1991-03-23,A27941657,3000,,,600000
2002-03-28,F13704160,,20,50000,150000
1946-12-12,E316195,5000,,270000,270000
1975-09-10,N90073507,1000,,,400000
2004-09-07,V73979135,,20,,
1987-02-28,J42697625,3000,,100000,600000
1989-12-22,Y76365882,,10,200000,550000
1981-06-11,C30913132,,20,,705000
1987-11-12,M22073986,,20,,450000
1990-05-21,D16108288,,20,30000,200000
1959-12-30,P86826199,4000,,95000,650000
1964-04-21,S80626475,6000,,,750000
1986-09-19,L28971965,3500,,,
1974-07-15,V65443772,,20,,450000
1986-06-26,M91941110,3000,,,635000
1968-09-03,W15747273,,20,,400000
1986-09-10,R61395403,5000,,50000,150000
1981-10-05,I84185204,,20,175000,700000
1954-06-17,D56780786,4000,,,350000
1983-09-05,B17829566,3000,,,500000
1952-07-21,M8565043,2500,,70000,450000
1965-05-02,V46786397,4000,,30000,200000
1970-05-25,C9652729,,20,,400000
1957-03-18,Z99908441,,20,,705000
1998-08-25,S32301226,,10,,150000
2006-04-27,L96209425,2500,,100000,500000
1977-02-16,A70318795,,20,,705000
1955-12-30,X99348719,,30,,705000
1981-07-29,J407545,,10,,400000
1972-08-22,J76949704,2400,,100000,400000
1945-11-22,H56221265,3000,,75000,400000
1996-10-20,V76534687,1500,,,560000
1990-12-08,X74040097,,20,250000,685000
1951-11-09,G15503686,2000,,,1200000
2003-04-01,B99921062,,20,60000,275000
2004-05-27,W83854053,,20,,350000
1961-01-22,C44765459,6000,,30000,500000
2008-10-09,P75232311,3500,,,300000
1978-09-29,Q35951253,2500,,,800000
1990-04-24,W94429187,2500,,75000,300000
1962-11-08,H42010496,4000,,250000,500000
1975-03-06,R37573342,,80,,150000
1963-05-08,Q40288965,4000,,,150000
1963-09-29,R5048811,3000,,,450000
1985-10-29,C56607156,3000,,100000,400000
1996-06-14,D86555698,3000,,250000,700000
1962-12-14,Q30648830,4000,,25000,360000
2007-07-04,A52753255,,30,50000,300000
1964-02-04,W51135356,2500,,100000,400000
2009-09-24,G98568901,4000,,,400000
1993-02-18,V60801087,3000,,25000,225000
1997-10-13,D9526399,,25,50000,250000
2006-08-24,B52767080,,20,,300000
1960-07-06,P64340803,2000,,400000,910000
2010-01-15,L67117470,3000,,,705000
1998-06-26,Q44547443,3000,,,400000
2002-12-21,X49314840,,10,,750000
1954-05-01,S95076660,,25,35000,100000
2003-03-12,N50548005,,30,,400000
1985-01-30,K68455584,,15,200000,200000
1970-12-05,N34187583,10000,,,300000
1986-07-25,J89712732,2500,,70000,600000
1975-04-02,F2231834,,20,60000,325000
1982-02-17,C99080799,,20,,225000
1992-04-13,Q70957221,2000,,125000,600000
2007-06-22,S65237491,,20,,910000
1977-01-26,G5945207,,20,,500000
2008-03-22,Q13093786,3000,,75000,300000
1968-10-22,F73238856,2500,,15000,300000
1991-08-04,E77033594,,20,15000,300000
1988-10-07,A75589747,3000,,15000,300000
1995-08-15,M73028229,3500,,,750000
1969-07-07,J20587878,2500,,35000,210000
1977-04-01,M81193731,3500,,,910000
1963-12-30,N10924131,,20,,150000
1974-05-17,P44128516,1500,,150000,300000
1995-05-24,R56117009,7500,,,690000
1994-05-30,O15763466,,20,15000,300000
1980-10-03,T79742303,,20,100000,250000
1987-06-23,P40475990,4000,,35000,200000
1983-04-02,W36536451,1000,,50000,545000
2001-09-07,D2864215,2500,,,400000
1964-07-14,F59701332,,20,,400000
1962-10-16,B64846930,2000,,75000,
1972-06-29,U30320267,7000,,15000,200000
1957-10-01,D98649475,,20,50000,430000
1982-07-02,O98002084,,25,,
1992-10-14,O31755307,3000,,75000,760000
1988-08-17,B84702083,3500,,,300000
1965-12-26,I43047423,3000,,35000,600000
2001-05-25,Z72125767,,20,,400000
1990-09-29,X88133507,,20,,585000
1983-09-21,Q7203288,,20,,910000
1966-09-22,A86243019,7000,,,150000
2001-07-16,X59829529,,20,250000,500000
1986-02-27,P71104113,2000,,70000,900000
1968-05-19,D32396809,3000,,,735000
1995-08-02,A93852746,,20,200000,400000
1971-10-10,T51604215,,10,,550000
1991-09-01,V67295861,3000,,150000,500000
1955-05-10,A69609613,,20,,
1961-05-09,X57745089,,20,175000,500000
1992-07-23,S63797394,,30,,400000
1985-06-11,B63156930,3400,,,150000
1970-11-27,U52267065,,30,150000,450000
1987-08-07,N64459899,,20,15000,300000
1992-08-13,Q35604815,2500,,150000,500000
1985-02-21,I718663,3600,,,200000
1992-01-31,P34582234,2500,,,400000
1988-08-05,C98179748,1500,,100000,600000
1972-01-08,N18133367,2500,,,250000
1996-04-27,Z78262850,2000,,,325000
1995-07-13,B6293325,2000,,,340000
1980-12-26,G80206433,2500,,,150000
1957-07-08,Q88738731,5000,,,350000
1983-05-01,V60345705,1000,,35000,600000
2011-06-08,N21152294,3000,,,200000
1990-07-21,K71895705,2500,,75000,300000
1972-09-29,G48840787,,20,,300000
1971-09-07,J86631658,,20,,910000
1984-12-01,K59867851,,20,90000,300000
1964-12-08,J93003396,2500,,,600000
2005-11-20,M88419945,1500,,30000,300000
1990-09-11,A93990076,,10,,400000
1955-03-12,X73205900,5000,,,525000
1996-02-15,C32396035,3000,,,300000
1986-12-08,V25397504,,20,,475000
1980-01-11,P91308071,2500,,,400000
1979-05-07,Z75950590,,20,,400000
1976-03-20,P53079096,3000,,300000,735000
1967-07-09,C53103168,,20,,625000
1999-05-31,T51472468,,10,75000,550000
1946-05-14,K87429085,,20,50000,850000
1947-10-13,P18496007,2000,,,600000
1967-11-29,D54032849,4000,,,910000
1998-01-04,T9974114,2000,,,600000
1967-07-07,K39303171,,20,200000,800000
1980-03-02,F92051010,,10,15000,300000
1968-05-11,L63099878,,20,,150000
1993-09-20,X84587607,,20,,485000
1972-01-17,X96330858,2000,,150000,300000
1982-03-10,B86809057,3000,,50000,150000
1997-12-21,I88582743,,20,,635000
2001-11-08,F55579605,,30,75000,400000
1968-10-15,T60801043,,20,35000,600000
2001-10-05,H67325805,1000,,125000,250000
1981-02-17,V23972494,2500,,90000,300000
1937-09-15,O70898809,4000,,,400000
2004-01-27,I56344422,3000,,75000,450000
1980-04-02,W30560871,8000,,,650000
2006-08-08,W8922922,5000,,,300000
1961-12-07,W65800777,,10,50000,300000
1959-09-02,B11823733,3400,,150000,300000
1977-12-09,X17827480,,20,,250000
1979-11-14,S22506658,,20,,675000
1963-12-31,T11360664,3500,,,50000
1966-07-29,K91006478,2000,,,650000
1986-03-12,E34731589,3000,,,625000
1997-02-06,O16980290,,20,,910000
1992-05-05,X31327026,2400,,100000,200000
1963-10-19,V38723234,2500,,,870000
1981-10-10,M81053655,2000,,,650000
2006-11-09,B25261651,,20,80000,500000
1970-10-20,A51769832,,10,,150000
2000-01-01,T39214686,2000,,10000,90000
1973-11-05,C17526152,,20,12100,121700
1987-07-10,Y322392,1500,,,1410000
2002-07-05,X72975766,,20,70000,350000
2014-04-13,G7370507,,20,150000,550000
1969-08-22,L21459959,,10,25000,350000
1984-04-24,V69698941,,20,,850000
1982-09-02,P78043986,2000,,300000,550000
1972-11-21,U58563217,1000,,25000,150000
1998-10-21,A8172759,3500,,100000,400000
1971-04-26,L13325025,,20,,705000
1992-08-04,U17635435,,20,,400000
1995-02-24,M27780119,2500,,100000,700000
1987-07-24,B20172557,,20,100000,300000
1997-12-18,G97888832,,20,,150000
1990-01-18,S35328857,3500,,500000,1500000
1980-02-23,W33756475,,20,,705000
1981-10-22,M11049455,3000,,,475000
1997-05-07,P25917960,,10,,585000
1978-02-17,V23036609,2500,,15000,402800
1990-11-25,K8813005,,20,15000,300000
1993-03-09,Y76028802,1000,,15000,300000
2008-01-03,O82795271,,20,6000,121700
1963-07-23,E20933423,8000,,,100000
1998-10-28,K40100892,,30,500000,500000
1960-12-24,M6138844,,10,,200000
1987-03-25,L89908794,5000,,,910000
1997-03-22,U1351239,5000,,,700000
1945-08-12,P92957342,,20,,400000
1985-06-13,M67946008,,20,,300000
1950-02-05,T97138758,,10,,400000
1972-12-13,F1093209,,30,150000,500000
1981-09-10,G12074895,,20,15000,100000
1964-08-10,E35810926,,20,300000,600000
1978-10-19,C72884931,8000,,,400000
2006-07-06,W91620032,,20,80000,300000
1970-05-24,T21187566,3000,,,650000
1963-01-03,Q28618348,,20,,375000
1989-08-30,L74837372,3500,,,150000
1974-02-13,U1561720,,20,,910000
1973-06-16,W66976965,,20,50000,200000
1971-05-14,P27934054,,20,,
2015-11-18,O9693684,2000,,25000,200000
1981-07-28,U31007931,,50,50000,200000
1988-10-23,I77901506,2500,,,560000
1997-01-22,L79541883,2500,,,900000
1978-10-20,R15025960,,20,,735000
1975-08-25,R22029995,1000,,,700000
1995-11-01,Z33651838,2500,,300000,550000
2015-09-14,N5314029,,20,150000,400000
1984-05-07,T21500496,,20,100000,500000
1970-06-17,C74887745,3000,,,910000
1997-08-05,R65935634,3000,,300000,600000
1989-09-25,J77367704,1500,,,1820000
1990-05-22,J78653410,4500,,,150000
2003-11-09,K24374294,3000,,,300000
1974-04-19,Y36294827,2000,,50000,150000
1998-03-02,W31461304,,10,,400000
1975-10-30,X52425304,2500,,,705000
1968-07-23,A15751878,,20,35000,600000
2006-01-12,F61658460,2500,,,75000
1950-10-08,Y21583209,3500,,25000,125000
2000-02-08,H27658073,5000,,,715000
1997-05-19,D44731888,2500,,,150000
1968-08-10,H83334262,,30,30000,300000
1989-05-20,I42686326,1500,,,
1954-11-18,R73757005,2000,,,100000
1954-03-23,U50952213,,10,,250000
1954-03-23,K142037,2500,,,750000
2015-03-28,I73521512,,10,170000,800000
1990-12-26,H56721294,2500,,,330000
2002-10-01,W79405015,,20,125000,175000
1962-01-19,N11392070,,20,,100000
1978-06-05,O16522999,,20,,250000
1995-08-19,E5746069,,10,,
1985-12-12,Q49268092,3000,,,300000
1992-11-01,M40411590,2000,,50000,600000
2002-05-28,L36698951,,20,,585000
1940-08-15,I67599094,,20,30000,500000
1993-07-12,X94592907,,30,150000,450000
1967-04-29,W34322468,,10,45000,300000
1997-05-13,N26480264,3000,,15000,402800
1984-04-23,K6975257,,20,70000,400000
1971-11-05,G66302444,3500,,200000,600000
1972-09-07,C60773274,,30,,750000
1987-03-13,U48480750,3400,,,790000
1975-12-16,N36031946,,20,750000,900000
1972-10-17,P9951995,2000,,200000,400000
1989-10-19,Z47328783,,20,40000,200000
1974-02-26,R33121818,9000,,,635000
1953-12-20,U81308480,,20,150000,610000
1978-08-03,R58706020,,20,,400000
2009-09-30,S34220077,2500,,,300000
1968-02-24,Q33074787,1500,,200000,700000
2001-09-21,Z21232691,3000,,35000,600000
1984-02-20,K5984195,2500,,35000,600000
1965-11-17,A36158393,,30,250000,500000
1986-03-03,W61473947,,20,,910000
1976-10-01,B52417775,2000,,,
1983-01-04,S47229768,,20,200000,600000
2009-07-14,X33915796,,15,,165000
1985-04-23,K65853496,,20,,400000
1953-04-14,Y67952584,,20,15000,402800
1985-03-23,E5253358,2000,,160000,600000
1970-02-05,N41375816,1000,,,705000
1993-09-15,N14761490,,20,,650000
1994-09-10,X55888406,,20,50000,200000
1975-08-06,B78605322,3000,,,450000
1968-07-12,O18757202,,50,,500000
1975-10-12,Z99003895,4000,,35000,600000
1969-11-17,N51125455,,15,400000,710000
2000-09-11,T77429807,,20,300000,750000
1998-05-09,Q27713881,,40,500000,750000
1980-07-19,F74471924,1500,,80000,390000
1952-09-07,P98902093,2000,,,790000
1986-05-19,S36253619,2500,,60000,300000
1970-07-09,O49014276,1500,,25000,250000
1954-08-25,M98505726,,20,,157500
1950-12-11,S13090002,,20,200000,870000
1982-07-03,S18163031,,10,70000,200000
1993-08-30,B8503074,3000,,,600000
1972-04-11,N36747581,2000,,,525000
1949-08-10,Z37498363,3000,,80000,500000
1977-05-16,B49821651,,30,,775000
1952-09-16,V82048611,,10,25000,250000
1962-04-26,V42437737,1500,,,910000
1975-06-23,X43390204,,20,,350000
1950-09-11,M51782485,3000,,50000,430000
1990-05-15,Q75178966,,20,50000,300000
1968-09-30,R35105974,3500,,750000,900000
1964-01-04,J21414030,3000,,500000,1000000
1979-09-03,J53547317,,20,,200000
1998-07-27,V98109906,,10,,650000
1998-07-27,T30612077,7000,,,650000
1990-03-27,A51153860,1000,,,650000
1955-07-09,V7826520,3500,,200000,575000
1982-01-15,G81867796,1000,,,585000
1977-12-11,A99488271,,20,,470000
1952-04-20,C56500798,4000,,,300000
1991-01-30,W43452435,2500,,,870000
1987-01-18,Z6210608,,20,,340000
2001-01-23,T55536826,2000,,100000,800000
1998-12-14,Y80049258,,25,,450000
1995-11-10,I21399441,2500,,,560000
1996-11-19,Q35050158,3500,,20000,535000
1975-10-07,K1635874,,20,200000,357500
2000-03-17,W34720982,,20,,450000
1984-10-04,L83363846,5000,,,350000
1978-05-21,V80078670,,20,,125000
1972-08-27,G84706638,,20,18200,121700
1964-11-08,J15819956,,20,,150000
1994-01-18,M7356690,,10,110000,690000
2000-12-24,P38302830,1500,,250000,790000
1988-06-11,N36795136,,20,,400000
1976-10-12,M81721367,,10,,450000
1953-12-05,P9762661,3000,,,650000
1978-10-31,K74188429,5000,,,200000
1955-12-09,Z4221524,3000,,,650000
1950-02-27,G36397711,,20,,150000
1976-12-20,Q58318144,2500,,80000,585000
1967-11-04,T42118718,,30,75000,400000
1992-11-09,E91750193,,20,,350000
1972-03-10,W71985188,2500,,,175000
1972-12-30,B85461635,2500,,,910000
1996-01-15,W69869623,,30,400000,400000
1974-06-07,K73733738,5000,,,750000
1986-06-14,R54593507,4000,,,290000
1987-06-28,R16509554,3000,,15000,300000
1998-08-27,D48804923,7500,,75000,400000
1995-09-08,H49183931,1000,,100000,600000
1977-02-14,A61562224,4000,,,350000
1964-12-21,D52110654,,15,75000,550000
1979-03-29,M1494521,3000,,50000,400000
2001-09-18,G42722816,,10,,650000
1983-05-28,C3366728,,20,,340000
1980-08-19,N69432094,,20,,650000
1963-04-14,X22458942,1500,,,705000
1966-03-29,V78367068,3500,,,400000
1992-04-24,P88377028,2500,,250000,625000
1971-04-13,D31530350,,20,130000,420000
1974-09-05,C12743180,3400,,25000,200000
1971-05-04,L78098715,1000,,,705000
2013-07-02,C13672438,,10,,470000
2014-01-24,K19360045,3000,,500000,1000000
1989-11-12,E54022993,,25,,125000
1998-09-06,W62175370,,20,250000,790000
1996-01-10,F90115287,5000,,90000,400000
1974-11-06,T25873854,2000,,50000,300000
2006-07-03,P92946833,3000,,,400000
1998-05-11,U53133090,4500,,25000,300000
1981-11-30,R34886810,3000,,300000,500000
1979-10-07,U76666602,,20,,400000
1994-07-15,Z31416451,,20,,425000
1998-07-02,G10434985,,20,125000,450000
2015-07-18,J89688292,3500,,,550000
2012-10-12,R66616657,4000,,,75000
1976-07-15,E43509390,3000,,,705000
2018-02-15,E47718698,,15,,150000
1974-02-02,U47810652,2000,,50000,250000
2007-01-17,E26977800,4000,,250000,600000
2002-09-17,F64746422,3000,,,150000
1988-04-18,G9595906,,10,,150000
1969-08-03,J98275538,5000,,150000,500000
1983-02-11,T62374609,,20,,850000
2000-11-14,L24407085,2500,,,705000
1942-01-28,Q9956919,,20,100000,685000
1997-07-03,Q20251087,5000,,,705000
1968-01-10,T22154576,1000,,15000,300000
2003-08-02,Q16596450,,25,,705000
1947-10-11,E58733559,,20,40000,200000
1952-05-02,K85945466,8000,,,400000
1970-08-05,V95550024,1500,,15000,300000
1996-12-19,G30766223,,20,,350000
1940-10-23,S29073401,,10,30000,200000
1970-06-04,C55181326,,20,25000,
1957-11-05,M45102945,2500,,30000,300000
2003-07-02,F87393324,,20,30000,200000
2002-12-02,X41878516,3000,,25000,150000
1972-09-19,B69854293,,20,50000,250000
1999-08-01,A17805940,1500,,,500000
1984-05-14,O49519064,,20,,125000
1969-09-20,B69661844,,20,,750000
1983-12-21,U81478597,3600,,,350000
1992-01-15,K98412307,,20,500000,1000000
1980-08-17,D5852033,,20,,500000
1957-12-17,B86674323,7000,,,750000
1942-11-24,T70023012,2500,,,125000
1975-02-14,M94368479,,20,30000,200000
2014-09-05,A46137841,2000,,50000,200000
1976-07-20,U17255890,2000,,50000,350000
1973-06-29,S37240179,1000,,55000,250000
1996-11-01,L66821878,,20,125000,500000
1967-10-20,F74498835,6000,,150000,
1984-12-27,K59363476,2500,,50000,200000
1995-03-13,R82692479,,20,,250000
2003-07-09,P47157339,,15,100000,400000
1997-09-08,H31446889,5000,,,150000
2009-10-28,N85229152,,10,75000,400000
1974-06-17,Z95677563,,30,,815000
1982-02-05,Z3515238,,20,,350000
1982-03-02,L20272451,,20,,650000
1985-06-23,Y46101498,,20,,705000
1981-02-28,R21256652,2000,,,500000
1937-02-10,Z46744413,2000,,,600000
1974-11-24,J58512898,,20,,690000
1995-02-19,B33023367,3000,,100000,450000
1992-05-08,M83588755,3000,,,910000
2008-01-02,F90243034,3500,,,275000
1981-09-29,C203391,1500,,300000,685000
2010-06-04,Z70599151,,10,30000,200000
1994-09-13,N74773930,1500,,,750000
1969-12-19,S3140537,,20,,350000
2007-08-11,R99613306,,20,100000,400000
2013-06-27,O45704663,,20,,300000
2014-12-23,N42408677,,20,25000,250000
1981-06-25,M21273755,3500,,300000,500000
1966-07-18,R12171397,5000,,,705000
1981-03-05,A98092781,2500,,50000,250000
1967-05-13,E34056644,2500,,300000,500000
1998-02-16,D5410348,4000,,500000,635000
1982-03-26,X53282802,1500,,50000,150000
1949-11-19,S24847963,,20,,400000
1997-07-16,G81837716,2500,,,300000
2005-11-08,Y61172687,,20,,
1984-11-10,K60741015,3000,,,
1974-01-03,R75642769,,25,,1000000
1946-02-15,S35338655,2000,,,500000
1988-03-26,L60115292,,15,100000,350000
1991-02-15,X31437960,2000,,150000,300000
1968-09-01,C40749506,7500,,,150000
1998-10-21,M76048384,,20,,125000
1971-04-02,Q26408960,6000,,50000,350000
1973-06-12,V28075288,,10,,600000
2016-01-29,F58760127,,20,,790000
1999-05-30,U71521073,,20,,300000
1975-04-22,K78584725,1500,,200000,400000
1985-06-29,C76580003,,20,400000,400000
1992-10-15,P95967502,,10,,